year,subject,question_no,title,total_score,answer,analysis,images
2011,数据结构,41,"已知有 6 个顶点（顶点编号为 0～5）的有向带权图 G ，其邻接矩阵 A 为上三角矩阵，按行为主序（行优先）保存在如下的一维数组中。
要求：
(1) 写出图 G 的邻接矩阵 A 。
(2) 画出有向带权图 G 。
(3) 求图 G 的关键路径，并计算该关键路径的长度。
46∞∞∞5∞∞∞43∞∞33",10,,"1）上三角矩阵 A[6][6] 中，第 1 行至第 5 行主对角线上方的元素个数分别为 5, 4, 3, 2, 1,
由此可以画出压缩存储数组中的元素所属行的情况，如下图所示。46∞∞∞5∞∞∞43∞∞33第1行第2行第4行第3行第5行用“平移”的思想，将前 5 个、后 4 个、后 3 个、后 2 个、后 1 个元素，分别移动到矩阵对
角线 (“0”) 右边的行上。图 G 的邻接矩阵 A 如下所示。A=​0∞∞∞∞∞​40∞∞∞∞​650∞∞∞​∞∞40∞∞​∞∞3∞0∞​∞∞∞330​​2）据上面的邻接矩阵，画出有向带权图 G, 如下图所示。0123454654333(3) 按照算法，先计算各个事件的最早发生时间，计算过程如下：ve(0)=0;ve(1)=ve(0)+a0→1​=4;ve(2)=max(ve(0)+a0→1​,ve(1)+a1→2​)=max(6,4+5)=9;ve(3)=ve(2)+a2→3​=9+4=13;ve(4)=ve(2)+a2→4​=9+3=12;ve(5)=max(ve(3)+a3→5​,ve(4)+a4→5​)=max(16,15)=16;接下来求各个时间的最迟发生时间，计算过程如下：vl(5)=ve(5)=16;vl(4)=vl(5)−a4→5​=16−3=13;vl(3)=vl(5)−a3→5​=16−3=13;vl(2)=min(vl(3)−a2→3​,vl(4)−a2→4​)=min(9,10)=9;vl(1)=vl(2)−a1→2​=4;vl(0)=min(vl(2)−a0→2​,vl(1)−a0→1​)=min(3,0)=0;即 ve() 和 vl() 数组如下表所示。i012345ve(i)049131216vl(i)049131316接下来计算所有活动的最早和最迟发生时间 e() 和 l()：e(a0→1​)=e(a0→2​)=ve(0)=0;e(a1→2​)=ve(1)=4;e(a2→3​)=e(a2→4​)=ve(2)=9;e(a3→5​)=ve(3)=13;e(a4→5​)=ve(4)=12;l(a4→5​)=vl(5)−a4→5​=16−3=13;l(a3→5​)=vl(5)−a3→5​=16−3=13;l(a2→4​)=vl(4)−a2→4​=13−3=10;l(a2→3​)=vl(3)−a2→3​=13−4=9;l(a1→2​)=vl(2)−a1→2​=9−5=4;l(a0→2​)=vl(2)−a0→2​=9−6=3;l(a0→1​)=vl(1)−a0→1​=4−4=0;e() 和 l() 数组与它们的差值如下表所示。a0→1​a0→2​a1→2​a2→3​a2→4​a3→5​a4→5​e()004991312l()0349101313l-e0300101满足 l() - e() = 0 的路径就是关键路径，所以关键路径为a0→1​、a1→2​、a2→3​、a3→5​，如下图所示（粗线表示），长度为4+5+4+3=16。0123454654333",
2011,数据结构,42,"一个长度为 L（L ≥ 1） 的升序序列 S ，处在第⌈L/2⌉个位置的数称为 S 的中位数。例如，若序列 S1 = (11,13,15,17,19)，则 S1 的中位数是 15 。两个序列的中位数是含它们所有元素的升序序列的中位数。例如，若序列 S2 = (2,4,6,8,20)，则 S1 和 S2 的中位数是 11 。现有两个等长的升序序列 A 和 B ，试设计一个在时间和空间两方面都尽可能高效的算法，找出两个序列 A 和 B 的中位数。要求：
(1) 给出算法的基本设计思想。
(2) 根据设计思想，采用 C 或 C++ 或 Java 语言描述，关键之处给出注释。
(3) 说明你所设计算法的时间复杂度和空间复杂度。",10,,"(1) 求两个序列 A 和 B 的中位数最简单的办法就是将两个升序序列进行归并排序，然后求其中位数。这种解法虽可求解，但在时间和空间两方面都不大符合高效的要求，但也能获得部分分值。根据题目分析，分别求两个升序序列 A 和 B 的中位数，设为 a 和 b。① 若a=b，则a或b即为所求的中位数。原因：容易验证，如果将两个序列归并排序，则最终序列中，排在子序列 b 前边的元素为先前两个序列中排在 a 和 b 前边的元素；排在子序列 ab 后边的元素为先前两个序列中排在 a 和 b后边的元素。所以子序列 ab 一定位于最终序列的中间，又因为 a=b，显然 a 就是中位数。②否则（假设a<b)，中位数只能出现 (a,b) 范围内。原因：同样可以用归并排序后的序列来验证，归并排序后必然有形如⋯a⋯b⋯的序列出现，中位数必出现在 (a,b) 之间。因此可以做如下处理：舍弃 a 所在序列 A 的较小一半，同时舍弃 b 所在序列 B 的较大一半。在保留两个升序序列中求出新的中位数 a 和 b，重复上述过程，直到两个序列中只含一个元素时为止，则较小者即为所求的中位数。每次总的元素个数变为原来的一半。算法的基本设计思想如下。分别求出序列 A 和 B 的中位数，设为 a 和 b，求序列 A 和 B 的中位数过程如下：① 若a=b，则 a 或 b 即为所求中位数，算法结束。② 若a<b，则舍弃序列 A 中较小的一半，同时舍弃序列 B 中较大的一半，要求舍弃的长度
相等。③ 若a>b，则舍弃序列 A 中较大的一半，同时舍弃序列 B 中较小的一半，要求舍弃的长度
相等。在保留的两个升序序列中，重复过程①、②、③，直到两个序列中只含一个元素时为止，较小者即为所求的中位数。2）算法实现intM_Search(intA[],intB[],intn){ints1=0,d1=n-1,m1,s2=1,d2=n-1,m2;// 分别表示序列 A 和 B 的首位、末位和中位数while(s1!=d1||s2!=d2){m1=(s1+d1)/2;m2=(s2+d2)/2;if(A[m1]==B[m2])returnA[m1];// 满足条件 1if(A[m1]<B[m2]){// 满足条件 2if((s1+d1)%2==0){// 若元素个数为奇数s1=m1;// 舍弃 A 中间点以后的部分，且保留中间点d2=m2;// 舍弃 B 中间点以前的部分，且保留中间点}else{// 元素个数为偶数s1=m1+1;// 舍弃 A 中间点及中间点以后的部分d2=m2;// 舍弃 B 中间点以前部分，且保留中间点}}else{// 满足条件 3if((s1+d1)%2==0){// 若元素个数为奇数d1=m1;// 舍弃 A 中间点以前的部分，且保留中间点s2=m2;// 舍弃 B 中间点以后的部分，且保留中间点}else{// 元素个数为偶数d1=m1+1;// 舍弃 A 中间点及中间点以前部分s2=m2;// 舍弃 B 中间点以后的部分，且保留中间点}}}returnA[s1]<B[s2]?A[s1]:B[s2];}3）时间复杂度 O(n)，空间复杂度 O(1)。",
2011,计算机组成原理,43,"假定在一个 8 位字长的计算机中运行如下 C 程序段：
若编译器编译时将 8 个 8 位寄存器 R1～R8 分别分配给变量 x、y、m、n、z1、z2、k1 和 k2。请回答下列问题。（提示：带符号整数用补码表示）
(1) 执行上述程序段后，寄存器 R1、R5 和 R6 的内容分别是什么（用十六进制表示）？
(2) 执行上述程序段后，变量 m 和 k1 的值分别是多少（用十进制表示）？
(3) 上述程序段涉及带符号整数加/减、无符号整数加/减运算，这四种运算能否利用同一个加法器及辅助电路实现？简述理由。
(4) 计算机内部如何判断带符号整数加/减运算的结果是否发生溢出？上述程序段中，哪些带符号整数运算语句的执行结果会发生溢出？
unsignedintx=134;unsignedinty=246;intm=x;intn=y;unsignedintz1=x-y;unsignedintz2=x+y;intk1=m-n;intk2=m+n;",10,,"1）134 = 128 + 6 = 1000 0110B，所以 x 的机器数为 1000 0110B，故 R1 的内容为 86H。246 = 255 - 9 = 1111 0110B，所以 y 的机器数为 1111 0110B。x-y: 1000 0110 + 0000 1010 = (0)1001 0000，括弧中为加法器的进位，故 R5 的内容为 90H。x+y: 1000 0110 + 1111 0110 = (1)0111 1100，括弧中为加法器的进位，故 R6 的内容为 7CH。2）m 的机器数与 x 的机器数相同，皆为 86H=1000 0110B，解释为带符号整数 m（用补码
表示）时，其值为 -1111010B = -122。m-n 的机器数与 x-y 的机器数相同，皆为 90H=1001 0000B，解释为带符号整数 k1（用
补码表示）时，其值为 -1110000B = -112。3）能。n 位加法器实现的是模2n无符号整数加法运算。对于无符号整数 a 和 b，a + b 可以直接用加法器实现，而 a - b 可以通过 a 加上 b 的补数来实现，即 a - b 等价于 a 加上 -b 的补码，结果对 2 的 n 次方取模。因此，n 位无符号整数的加法和减法运算都可以通过 n 位加法器实现。由于带符号整数使用补码表示，其加减法遵循的公式是：a + b 的补码等于 a 的补码加上 b 的补码，结果对 2 的 n 次方取模；同样，a - b 的补码等于 a 的补码加上 -b 的补码，结果也对 2 的 n 次方取模。因此，n 位带符号整数的加减运算也都可以通过 n 位加法器完成。4）带符号整数加/减运算的溢出判断规则为：若加法器的两个输入端（加法）的符号相同，且不同于输出端（和）的符号，则结果溢出，或加法器完成加法操作时，若次高位的进位和最高位的进位不同，则结果溢出。最后一条语句执行时会发生溢出。因为 10000110+11110110=(1)01111100，括弧中为加法器的进位，根据上述溢出判断规则，可知结果溢出。或因为 2 个带符号整数均为负数，它们相加之后，结果小于 8 位二进制所能表示的最小负数。",
2011,计算机组成原理,44,"某计算机存储器按字节编址，虚拟（逻辑）地址空间大小为 16MB，主存（物理）地址空间大小为 1MB，页面大小为 4KB：Cache 采用直接映射方式，共 8 行：主存与 Cache 之间交换的块大小为 32B。系统运行到某一时刻时，页表的部分内容和 Cache 的部分内容分别如题 44-a 图、题 44-b 图所示，图中页框号及标记字段的内容为十六进制形式。
请回答下列问题∶
(1) 虚拟地址共有几位，哪几位表示虚页号？物理地址共有几位，哪几位表示页框号（物理页号）？
(2) 使用物理地址访问 Cache 时，物理地址应划分成哪几个字段？要求说明每个字段的位数及在物理地址中的位置。
(3) 虚拟地址 001C60H 所在的页面是否在主存中？若在主存中，则该虚拟地址对应的物理地址是什么？访问该地址时是否 Cache 命中？要求说明理由。
(4) 假定为该机配置一个 4 路组相连的 TLB，该 TLB 共可存放 8 个页表项，若其当前内容（十六进制）如题 44-c 图所示，则此时虚拟地址 024BACH 所在的页面是否在主存中？要求说明理由。",10,,1）存储器按字节编址，虚拟地址空间大小为 16B=24B，故虚拟地址为 24 位；页面大小为4KB=212B，故高 12 位为虚页号。主存地址空间大小为1MB=22B，故物理地址为 20 位；由于页内地址为 12 位，故高 8 位为页框号。2）由于 Cache 采用直接映射方式，所以物理地址各字段的划分如下。| Tag 标记 | Cache 行号 | 块内偏移 |块大小为 32B，所以块内偏移为 5 位；Cache 共 8 行，故 Cache 行号为 3 位，标记字段为 20-5-3=12 位。3）虚拟地址 001C60H 的前 12 位为虚页号，即 001H，查看 001H 处的页表项，其对应的效位为 1，故虚拟地址 001C60H 所在的页面在主存中。页表 001H 处的页框号为 04H，与页内偏移（虚拟地址后 12 位）拼接成物理地址为 04C60H.物理地址 04C60H=00000100110001100000B，主存块只能映射到 Cache 的第 3 行（即第 011B 行），由于该行的有效位=1，标记（值为 105H) ≠ 04CH（物理地址高 12 位），故不命中。4）由于 TLB 采用四路组相联，故 TLB 被分为 8/4=2 个组，因此虚页号中高 11 位为 TLB 标记、最低 1 位为 TLB 组号。虚拟地址 024BACH=000000100100101110101100B，虚页号为 000000100100B，TLB 标记为 00000010010B（即 012H)，TLB 组号为 0B，因此，该虚拟地址所对应物理页面只可能映射到 TLB 的第 0 组。组 0 中存在有效位=1、标记=012H 的项，因此访问 TLB 命中，即虚拟地址 024BACH 所在的页面在主存中。,
2011,操作系统,45,"某银行提供 1 个服务窗口和 10 个顾客等待座位。顾客到达银行时，若有空座位，则到取号机领取一个号，等待叫号。取号机每次仅允许一位顾客使用。当营业员空闲时，通过叫号选取一位顾客，并为其服务。顾客和营业员的活动过程描述如下：
请添加必要的信号量和 P、V（或wait()、signal()）操作实现上述过程的互斥和同步。要求写出完整的过程，说明信号量的含义并赋初值。",10,,"1）互斥资源：取号机（一次只一位顾客领号），因此设一个互斥信号量 mutex。2）同步问题：顾客需要获得空座位等待叫号，当营业员空闲时，将选取一位顾客并为其服务。空座位的有、无影响等待顾客数量，顾客的有、无决定了营业员是否能开始服务，故分别设置信号量 empty 和 full 来实现这一同步关系。另外，顾客获得空座位后，需要等待叫号和被服务。这样，顾客与营业员就服务何时开始又构成了一个同步关系，定义信号量 service 来完成这一同步过程。semaphore empty   = 10;       // 空座位的数量
semaphore mutex   = 1;        // 互斥使用取号机
semaphore full    = 0;        // 已占座位的数量
semaphore service = 0;        // 等待叫号

process 顾客 i {
    P(empty);                 // 等空位
    P(mutex);                 // 申请使用取号机
    从取号机上取号;
    V(mutex);                 // 取号完毕
    V(fu11);                  // 通知营业员有新顾客
    P(service);               // 等待营业员叫号
    接受服务;
}

process 营业员 {
    while(True) (
        P(fu11);              // 没有顾客则休息
        叫号;
        V(empty);             // 离开座位
        V(service);           // 叫号
        为顾客服务;
    }
}",
2011,操作系统,46,"某文件系统为一级目录结构，文件的数据一次性写入磁盘，已写入的文件不可修改，但可多次创建新文件。请回答如下问题∶
(1) 在连续、链式、索引二种文件的数据块组织方式中。哪种更合适？要求说明理由。为定位文件数据块，需要在 FCB 中设计哪些相关描述字段？
(2) 为快速找到文件，对于 FCB，是集中存储好，还是与对应的文件数据块连续存储好？要求说明理由。",10,,1）在磁盘中连续存放（采取连续结构），磁盘寻道时间更短，文件随机访问效率更高；在 FCB 中加入的字段为：<起始块号，块数> 或者 <起始块号，结束块号>。2）将所有的 FCB 集中存放，文件数据集中存放。这样在随机查找文件名时，只需访问 FCB 对应的块，可减少磁头移动和磁盘 I/O 访问次数。,
2011,计算机网络,47,"某主机的 MAC 地址为 00-15-C5-C1-5E-28，IP 地址为 10.2.128.100（私有地址）。题 47-a 图是网络拓扑，题 47-b 图是该主机进行 Web 请求的 1 个以太网数据帧前 80 个字节的十六进制及 ASCII 码内容。
请参考图中的数据回答以下问题。
(1) Web 服务器的 IP 地址是什么？该主机的默认网关的 MAC 地址是什么？
(2) 该主机在构造题 47-b 图的数据帧时，使用什么协议确定目的 MAC 地址？封装该协议请求报文的以太网帧的目的 MAC 地址是什么？
(3) 假设 HTTP/1.1 协议以持续的非流水线方式工作，一次请求 - 响应时间为 RTT，rfc.html 页面引用了 5 个 JPEG 小图像，则从发出题 47-b 图中的 Web 请求开始到浏览器收到全部内容为止，需要多少个 RTT？
(4) 该帧所封装的 IP 分组经过路由器 R 转发时，需修改 IP 分组头中的哪些字段？
注意：以太网数据帧结构和 IP 分组头结构分别如题 47-c 图、题 47-d 图所示。",10,,1）以太网帧的数据部分是 IP 数据报，只要数出相应字段所在的字节即可。由图可知以太网帧头部有 6+6+2=14 字节，IP 数据报首部的目的 IP 地址字段前有 4×4=16 字节，从帧的第 1 字节开始数 14+16=30 字节，得目的 IP 地址 40.aa.62.20（十六进制），转换成十进制为 64.170.98.32。可知以太网帧的前 6 字节 00-21-27-21-51-ee 是的 MAC 地址，即为主机的默认网关 10.2.128.1 端口的 MAC 地址。2）ARP 协议于解决 IP 地址到 MAC 地址的映射问题。主机的 ARP 进程在本以太网以广播的形式发送 ARP 请求分组，在以太网上广播时，以太网帧的目的地址为全 1，即 FF-FF-FF-FF-FF-FF。3）HTTP/1.1 协议以持续的非流水线方式工作时，服务器在发送响应后仍然在一段时间内保持这段连接，客户机在收到前一个请求的响应后才能发出下一个请求。第一个 RTT 用于请求 Web 页面，客户机收到第一个请求的响应后（还有五个请求未发送），每访问一次对象就用去一个 RTT。故共需 1+5=6 个 RTT 后浏览器收到全部内容。4）源 IP 地址 0a.02.80.64 改为 65.0c.7b.0f；生存时间（TTL）减 1；校验和字段重新计算。私有地址和 Internet 的主机通信时，须由NAT路由器进行网络地址转换，把 IP 数据报的源 IP 地址（本题为私有地址 10.2.128.100）转换为 NAT 路由器的一个全球 IP 地址（本题为 101.12.123.15）因此，源 IP 地址字段 0a 02 80 64 变为 65 0c 7b 0f。IP 数据报每经过一个路由器，生存时间 TTL 值就减 1，并重新计算首部校验和。若 IP 分组的长度超过输出链路的 MTU，则总长度字段、标志字段、片偏移字段也要发生变化。注意：题 47-b 图中每行前 4bit 是数据帧的字节计数，不属于以太网数据帧的内容。【评分说明】若考生解答时将所有 IP 头中的字段进行罗列，不给分，其他情况的情给分。,
2012,数据结构,41,"设有 6 个有序表 A、B、C、D、E、F，分别含有 10、35、40、50、60 和 200 个数据元素，各表中元素按升序排列。要求通过 5 次两两合并，将 5 个表最终合并成 1 个升序表，并在最坏情况下比较的总次数达到最小。请回答下列问题。
(1) 给出完整的合并过程，并求出最坏情况下比较的总次数。
(2) 根据你的合并过程，描述N(N≥2)个不等长升序表的合并策略，并说明理由。",10,,"1）对于长度分别为 m, n 的两个有序表的合并，最坏情况下是一直比较到两个表尾元素，比较次数为 m +n-1 次。故最坏情况的比较次数依赖于表长，为了缩短总的比较次数，根据哈夫曼树（最佳归并树）思想的启发，可采用如图所示的合并顺序。39519520085110454010355060根据上图中的哈夫曼树，6 个序列的合并过程为：第 1 次合并：表 A 与表 B 合并，生成含有 45 个元素的表 AB ;第 2 次合并：表 AB 与表 C 合并，生成含有 85 个元素的表 ABC;第 3 次合并：表 D 与表 E 合并，生成含有 110 个元素表 DE;第 4 次合并：表 ABC 与表 DE 合并，生成含有 195 个元素的表 ABCDE;第 5 次合并：表 ABCDE 与表 F 合并，生成含有 395 个元素的最终表。由上述分析可知，最坏清况下的比较次数为：第 1 次合并，最多比较次数 = 10+35-1 = 44；第 2 次合并，最多比较次数 = 45+40-1 = 84；第 3 次合并，最多比较次数 = 50+60-1 = 109；第 4 次合并，最多比较次数 = 85+110-1 = 194；第 5 次合并，最多比较次数 = 195+200-1 = 394。故比较的总次数最多为：44+84+109+194+394 = 825。2）各表的合并策略是：在对多个有序表进行两两合并时，若表长不同，则最坏情况下总的比较次数依赖于表的合并次序。可以借用哈夫曼树的构造思想，依次选择最短的两个表进行合并，可以获得最坏情况下最佳的合并效率。【评分说明】①对于用类似哈夫曼树（或最佳归并树）思想进行合并，过程描述正确，给 5 分。按其他策略进行合并，过程描述正确，给 3 分。②正确算出与合并过程一致的总比较次数，给 2 分。若计算过程正确，但结果错误，可给 1 分。③考生只要说明采用的是类似哈夫曼树（或最佳归并树）的构造方法作为合并策略，即可给 3 分。如果采用其他策略，只要能够完成合并，给 2 分。",
2012,数据结构,42,"假定采用带头结点的单链表保存单词，当两个单词有相同的后缀时，则可共享相同的后缀存储空间，例如，“loading"" 和 “being” 的存储映像如下图所示。
设 str1 和 str2 分别指向两个单词所在单链表的头结点，链表结点结构为| data | next |，请设计一个时间上尽可能高效的算法，找出由 str1 和 str2 所指向两个链表共同后缀的起始位置（如图中字符 i 所在的结点位置 p）。要求：
1）给出算法的基本设计思想。
2）根据设计思想，采用 C 或 C++ 或 Java 语言描述算法，关键之处给出注释。
3）说明你所设计算法的时间复杂度。",10,,"顺序遍历两个链表到尾结点时，并不能保证两个链表同时到达尾结点。这是因为两个链表的长度不同。假设一个链表比另 一个链表长 k 个结点，我们先在长链表上遍历 k 个结点，之后同步遍历两个链表，这样就能够保证它们同时到达最后一个结点。由于两个链表从第一个公共结点到链表的尾结点都是重合的，所以它们肯定同时到达第 一个公共结点。loadbeing^str1str2ing^尾部对齐pq算法的基本设计思想：①分别求出 strl 和 str2 所指的两个链表的长度 m 和 n。②将两个链表以表尾对齐：令指针 p、q 分别指向 strl 和 str2 的头结点，若m≥n，则使 p 指向链表中的第 m-n+1 个结点；若m<n，则使 q 指向链表中的第 n-m+1 个结点，即使指针 p 和 q 所指的结点到表尾的长度相等。③反复将指针 p 和 q 同步向后移动，并判断它们是否指向同一结点。若 p 和 q 指向同一结点，则该点即为所求的共同后缀的起始位置。2）算法的 C 语言代码描述：structNode{intdata;Node*next;};intgetLength(Node*h){intlength=0;Node*p=h->next;while(p){length++;p=p->next;}returnlength;}Node*findCommonSuffix(Node*h1,Node*h2){Node*p1=h1;Node*p2=h2;intm=getLength(h1);intn=getLength(h2);if(m>n){for(inti=0;i<m-n;i++){p1=p1->next;}}else{for(inti=0;i<n-m;i++){p2=p2->next;}}while(p1!=p2){p1=p1->next;p2=p2->next;}returnp1;}【评分说明】 ① 若考生所给算法实现正确，且时间复杂度为 O(m+n)，可给 12分；若算法正确，但时间复杂度超过 O(m+n)，则最高可给 9 分。② 若在算法的基本设计思想描述中因文字表达没有非常清晰反映出算法思路，但在算法实现中能够清晰看出算法思想且正确的，可参照①的标准给分。③ 若算法的基本设计思想描述或算法实现中部分正确，可参照①中各种情况的相应给分标准酌情给分。③ 时间复杂度为 O(len1+len2) 或 O(max(len1,len2)), 其中 len1、len2 分别为两个链表的长度。",
2012,计算机组成原理,43,"假定某计算机的 CPU 主频为 80MHz，CPI 为 4，平均每条指令访存 1.5 次，主存与 Cache 之间交换的块大小为 16B，Cache 的命中率为 99%，存储器总线宽度为 32 位。请回答下列问题。
(1) 该计算机的 MIPS 数是多少？平均每秒 Cache 缺失的次数是多少？在不考虑 DMA 传送的情况下，主存带宽至少达到多少才能满足 CPU 的访存要求？
(2) 假定在 Cache 缺失的情况下访问主存时，存在 0.0005% 的缺页率，则 CPU 平均每秒产生多少次缺页异常？若页面大小为 4KB，每次缺页都需要访问磁盘，访问磁盘时 DMA 传送采用周期挪用方式，磁盘 I/O 接口的数据缓冲寄存器为 32 位，则磁盘 I/O 接口平均每秒发出的 DMA 请求次数至少是多少？
(3) CPU 和 DMA 控制器同时要求使用存储器总线时，哪个优先级更高？为什么？
(4) 为了提高性能，主存采用四体低位交叉存储模式，工作时每 1/4 个存储周期启动一个体。若每个体的存储周期为 50ns，则该主存能提供的最大带宽是多少？",10,,本题综合涉及多个考点：计算机的性能指标、存储器的性能指标、DMA 的性能分析，DMA 方式的特点，多体交叉存储器的性能分析。1）平均每秒 CPU 执行的指令数为：80M/4 = 20M，故MIPS数为 20；（1 分）平均每条指令访存 1.5 次，故平均每秒 Cache 缺失的次数 = 20M×1.5×(1-99%) = 300k;（1 分）当 Cache 缺失时，CPU 访问主存，主存与 Cache 之间以块为传送单位，此时，主存带宽为16B×300k/s = 4.8MB/s。在不考虑 DMA 传送的情况下，主存带宽至少达到 4.8MB/s 才能满足 CPU 的访存要求。（2 分）2）题中假定在 Cache 缺失的情况下访问主存，平均每秒产生缺页中断 300000×0.0005% = 1.5 次。因为存储器总线宽度为 32 位，所以每传送 32 位数据，磁盘控制器发出一次 DMA 请求，故平均每秒磁盘 DMA 请求的次数至少为 1.5×4KB/4B = 1.5K = 1536。（2 分）3）CPU 和 DMA 控制器同时要求使用存储器总线时，DMA 请求优先级更高；（1 分）因为 DMA 请求得不到及时响应，I/O 传输数据可能会丢失。（1 分）4）四体交叉存储模式能提供的最大带宽为 4×4B/50ns=320MB/s。（2 分）,
2012,计算机组成原理,44,"某 16 位计算机中，带符号整数用补码表示，数据 Cache 和指令 Cache 分离。下表给出了指令系统中部分指令格式，其中 Rs 和 Rd 表示寄存器，mem 表示存储单元地址，(x) 表示寄存器 x 或存储单元 x 的内容。
该计算机采用 5 段流水方式执行指令，各流水段分别是取指（IF）、译码/读寄存器（ID）、执行/计算有效地址（EX）、访问存储器（M）和结果写回寄存器（WB），流水线采用 “按序发射，按序完成” 方式，没有采用转发技术处理数据相关，并且同一个寄存器的读和写操作不能在同一个时钟周期内进行。请回答下列问题：
(1) 若 int 型变量 x 的值为 -513，存放在寄存器 R1 中，则执行指令 “SHR R1” 后，R1 的内容是多少（用十六进制表示）？
(2) 若某个时间段中，有连续的 4 条指令进入流水线，在其执行过程中没有发生任何阻塞，则执行这 4 条指令所需的时钟周期数为多少？
(3) 若高级语言程序中某赋值语句为x=a+b，x、a和b均为 int 型变量，它们的存储单元地址分别表示为[x]、[a]和[b]。该语句对应的指令序列及其在指令流水线中的执行过程如下图所示。
则这 4 条指令执行过程中，I3​的 ID 段和I4​的 IF 段被阻塞的原因各是什么？
(4) 若高级语言程序中某赋值语句为x=x*2+a，x和a均为 unsigned int 类型变量，它们的存储单元地址分别表示为[x]、[a]，则执行这条语句至少需要多少个时钟周期？要求模仿题 44 图画出这条语句对应的指令序列及其在流水线中的执行过程示意图。",10,,"1）x 的机器码为[x]补​= 1111 1101 1111 1111B，即指令执行前 (R1)=FDFFH，右移 1 位后为 1111 1110 1111 1111B，即指令执行后 (R1) = FEFFH。（2 分）2）每个时钟周期只能有一条指令进入流水线，从第 5 个时钟周期开始，每个时钟周期都会有一条指令执行完毕，故至少需要 4+(5-1)=8 个时钟周期。（2 分）3）I3​的 ID 段被阻塞的原因：因为I3​与I1​和I2​都存在数据冒险，需等到I1​和I2​将结果写回寄存器后，I3​才能读寄存器内容，所以I3​的 ID 段被阻塞（1 分）。I4​的 IF 段被阻塞的原因：因为I4​的前一条指令I3​在 ID 段被阻塞，所以I4​的 IF 段被阻塞（1 分）。注意：要求“按序发射，按序完成”，故 2) 中下一条指令的 IF 必须和上一条指令的 ID 并行，以免因上一条指令发生冲突而导致下一条指令先执行完。4）因2*x操作有左移和加法两种实现，故x=x*2+a对应的指令序列为：I1    LOAD  R1, [x]
I2    LOAD  R2, [a]
I3    SHL   R1       // 或者 ADD R1, R1
I4    ADD   R1, R2
I5    STORE R2, [x]这 5 条指令在流水线中的执行过程如下表所示：故x=x*2+a语句最少需要 17 个时钟周期。",images\2012\2012_44.svg
2012,操作系统,45,"某请求分页系统的局部页面置换策略如下：系统从 0 时刻开始扫描，每隔 5 个时间单位扫描一轮驻留集（扫描时间忽略不计），本轮没有被访问过的页框将被系统回收，并放入到空闲页框链尾，其中内容在下一次被分配之前不被清空。当发生缺页时，如果该页曾被使用过且还在空闲页框链表中，则重新放回进程的驻留集中；否则，从空闲页框链表头部取出一个页框。
假设不考虑其他进程的影响和系统开销，初始时进程驻留集为空。目前系统空闲页框链表中页框号依次为 32、15、21、41。进程 P 依次访问的 <虚拟页号，访问时刻> 是：
<1, 1>、<3, 2>、<0, 4>、<0, 6>、<1, 11>、<0, 13>、<2, 14>。请回答下列问题。
(1) 访问<0, 4>时，对应的页框号是什么？
(2) 访问<1, 11>时，对应的页框号是什么？说明理由。
(3) 访问<2, 14>时，对应的页框号是什么？说明理由。
(4) 该策略是否适合于时间局部性好的程序？说明理由。",10,,1）页框号为 21。理由：因为起始驻留集为空，因此 0 页对应的页框为空闲链表中的第三个空闲页框 21，其对应的页框号为 21。2）页框号为 32。理由：因 11>10 故发生第三轮扫描，页号为 1 的页框在第二轮已处于空闲页框链表中，此刻该页又被重新访问，因此应被重新放回驻留集中，其页框号为 32。3）页框号为 41。理由：因为第 2 页从来没有被访问过，它不在驻留集中，因此从空闲页框链表中取出链表头的页框 41，页框号为 41。4）合适。理由：如果程序的时间局部性越好，那么从空闲页框链表中重新取回的机会越大，该策略的优势越明显。,
2012,操作系统,46,"某文件系统空间的最大容量为 4TB（1TB=240B），以磁盘块为基本分配单位。磁盘块大小为 1KB。文件控制块 (FCB) 包含一个 512B 的索引表区。请回答下列问题。
(1) 假设索引表区仅采用直接索引结构，索引表区存放文件占用的磁盘块号，索引表项中块号最少占多少字节？可支持的单个文件最大长度是多少字节？
(2) 假设索引表区采用如下结构：第 0～7 字节采用 <起始块号，块数> 格式表示文件创建时预分配的连续存储空间，其中起始块号占 6B，块数占 2B；剩余 504 字节采用直接索引结构，一个索引项占 6B，那么可支持的单个文件最大长度是多少字节？为了使单个文件的长度达到最大，请指出起始块号和块数分别所占字节数的合理值并说明理由。",10,,1）文件系统中所能容纳的磁盘块总数为 4TB/1KB=2³²。要完全表示所有磁盘块，索引项中的块号最少要占 32/8=4B。而索引表区仅采用直接索引结构，故 512B 的索引表区能容纳512B/4B=128 个索引项。每个索引项对应一个磁盘块，所以该系统可支持的单个文件最大长度是 128×1KB=128KB.2）这里的考查的分配方式不同于我们所熟悉的三种经典分配方式，但是题目中给出了详细的解释，这个小问采用混合索引的方式。所求的单个文件最大长度一共包含两部分：预分配的连续空间和直接索引区。连续区块数占 2B，共可以表示 2¹⁶ 个磁盘块，即 2²⁶B。直接索引区共 504B/6B=84 个索引项。所以该系统可支持的单个文件最大长度是 2²⁶B+84KB。为了使单个文件的长度达到最大，应使连续区的块数字段表示的空间大小尽可能接近系统最大容量 4TB。分别设起始块号和块数分别占 4B，这样起始块号可以寻址的范围是 2³² 个磁盘块，共 4TB，即整个系统空间。同样，块数字段可以表示最多 2³² 个磁盘块，共 4TB。,
2012,计算机网络,47,"主机 H 通过快速以太网连接 Internet，IP 地址为 192.168.0.8，服务器 S 的 IP 地址为 211.68.71.80。H 与 S 使用 TCP 通信时，在 H 上捕获的其中 5 个 IP 分组如题 47-a 表所示。
请回答下列问题。
(1) 题 47-a 表中的 IP 分组中，哪几个是由 H 发送的？哪几个完成了 TCP 连接建立过程？哪几个在通过快速以太网传输时进行了填充？
(2) 根据题 47-a 表中的 IP 分组，分析 S 已经收到的应用层数据字节数是多少？
(3) 若题 47-a 表中的某个 IP 分组在 S 发出时的前 40 字节如题 47-b 表所示，则该 IP 分组到达 H 时经过了多少个路由器？",10,,1）由题 47-a 表看出，源 IP 地址为 IP 分组头的第 13~16 字节。表中 1、3、4 号分组的源 P 地址均为 192.168.0.8（c0a80 008H），所以 1、3、4 号分组是由 H 发送的。题 47-a 表中，1 号分组封装的 TCP 段的 SYN=1，ACK=0，seq=846b 41c5H；2 号分组封装的 TCP 段的 SYN=1，ACK=1，seq=e059 9fefH，ack=846b 41c6H；3 号分组装的 TCP 段的 ACK=1，seq=846b 41c6H，ack=e059 9ff0H，所以 1、2、3 号分组完成了 TCP 连接的建立过程。由于快速以太网数据帧有效载荷的最小长度为 46 字节，表中 3、5 号分组的总长度为 40（28H）字节，小于 46 字节，其余分组总长度均大于 46 字节。所以 3、5 号分组通过以太网快速填充。2）由 3 号分组封装的 TCP 段可知，发送应用层数据初始序号为 seq=846b 41c6H，由 5 号分组封装的 TCP 段可知，ack 为 seq=846b 41d6H，所以 S 己经收到的应用层数据的字节数为 846b 41d6H - 846b 41c6H = 10H = 16，所以 S 已经接收到了 16 个字节的应用层数据。3）首先需要确定表 47-a 中的哪一个 IP 分组与表 47-b 中的 IP 分组相对应，这就要根据 IP 分组中的标识字段（第 5-6 个字节），观察可以判断表 47-a 编号为 5 的分组是与表 47-b 的分组相对应的，因为它们的标识字段都是 68H。若要判断 IP 分组经过多少个路由器就要观察TTL字段（第 9 个字节），发送前来自 S 的分组的 TTL 为 40H，H 接收到的分组的 TTL 为 31H，所以经过路由器的个数为 40H - 31H = 15。,
2013,数据结构,41,"已知一个整数序列A=(a0​,a1​,…,an−1​)，其中0≤ai​<n(0≤i<n)。
若存在ap1​​=ap2​​=⋯=apm​​=x且m>n/2(0≤pk​<n,1≤k≤m)，则称x为A的主元素。
例如A=(0,5,5,3,5,7,5,5)，则5为主元素；又如A=(0,5,5,3,5,1,5,7)，则A中没有主元素。
假设A中的n个元素保存在一个一维数组中，请设计一个尽可能高效的算法，找出A的主元素。若存在主元素，则输出该元素；否则输出−1。要求：
(1) 给出算法的基本设计思想。
(2) 根据设计思想，采用 C、C++ 或 Java 语言描述算法，关键之处给出注释。
(3) 说明你所设计算法的时间复杂度和空间复杂度。",10,,"1）给出算法的基本设计思想：算法的策略是从前向后扫描数组元素，标记出一个可能成为主元素的元素 Num。然后重新计数，确认 Num 是否为主元素。算法可分为以下两步：① 选取候选的主元素：依次扫描所给数组中的每个整数，将第一个遇到的整数 Num 保存到 c 中，记录 Num 的出现次数为 1；若遇到的下一个整数仍等于 Num，则计数加 1，否则计数减 1；当计数减到 0 时，将遇到的下一个整数保存到 c 中，计数重新记为 1，开始新一轮计数，即从当前位置开始重复上述过程，直到扫描完全部数组元素。② 判断 c 中元素是否是真正的主元素：再次扫描该数组，统计 c 中元素出现的次数，若大于 2，则为主元素；否则，序列中不存在主元素。2）算法实现intmajority(inta[],intn){if(n==0){return-1;}// 选取候选元素intnum=a[0];intcnt=1;// 如果主元素存在，会被以下过程筛选出来// 但是筛选出来的不一定是主元素for(inti=1;i<n;i++){if(a[i]==num){// 候选元素个数 +1cnt++;}else{// 重新设置候选元素cnt--;if(cnt==0){num=a[i];cnt=1;}}}// 再判断候选元素是不是主元素intm=0;for(inti=0;i<n;i++){// 统计候选元素出现的次数if(a[i]==num){m++;}}if(m>n/2){returnnum;}return-1;}【评分说明】① 若考生设计的算法满足题目的功能要求且正确，则 (1)、(2) 根据所实现算法的效率给分，细则见下表：时间复杂度空间复杂度(1) 得分(2) 得分O(n)O(1)47O(n)O(n)46O(nlog2​n)其他36≥O(n2)其他35② 若在算法的基本设计思想描述中因文字表达没有非常清晰反映出算法思路，但在算法实现中能够清晰看出算法思想且正确的，可参照①的标准给分。③ 若算法的基本设计思想描述或算法实现中部分正确，可参照①中各种情况的相应给分标准酌情给分。(3) 说明算法复杂性：参考答案中实现的程序的时间复杂度为O(m)，空间复杂度为O(1)。【评分说明】若考生所估计的时间复杂度与空间复杂度与考生所实现的算法一致，可各给 1 分。【说明】本题如果采用先排好序再统计的方法，只要解答正确，最高可拿 9 分，因此对于统考算法题，去花费大量时间去思考最优解法是得不偿失的。",
2013,数据结构,42,"设包含 4 个数据元素的集合 S = { “do”, “for”, “repeat”, “while” }，各元素的查找概率依次为：p1​=0.35，p2​=0.15，p3​=0.15，p4​=0.35。将 S 保存在一个长度为 4 的顺序表中，采用折半查找法，查找成功时的平均查找长度为 2.2 。请回答：
(1) 若采用顺序存储结构保存 S ，且要求平均查找长度更短，则元素应如何排列？应使用何种查找方法？查找成功时的平均查找长度是多少？
(2) 若采用链式存储结构保存 S ，且要求平均查找长度更短，则元素应如何排列？应使用何种查找方法？查找成功时的平均查找长度是多少？",10,,"1）折半查找要求元素有序顺序存储，若各个元素的查找概率不同，则折半查找的性能不一定优于顺序查找。采用顺序查找时，元素按其查找概率的降序排列时查找长度最小。采用顺序存储结构，数据元素按其查找概率降序排列。采用顺序查找方法。查找成功时的平均查找长度=0.35×1+0.35×2+0.15×3+0.15×4=2.1。此时，显然查找长度比折半查找的更短。2）答案一：采用链式存储结构时，只能采用顺序查找，其性能和顺序表一样，类似于上题。数据元素按其查找概率降序排列，构成单链表。采用顺序查找方法。查找成功时的平均查找长度=0.35×1+0.35×2+0.15×3+0.15×4=2.1。答案二：还可以构造成二叉排序树的形式。采用二叉链表的存储结构，构造二叉排序树，元素的存储方式见下图。采用二叉排序树的查找方法。fordowhilerepeatrepeatdowhilefor二叉排序树1二叉排序树2或查找成功时的平均查找长度=0.15×1+0.35×2+0.35×2+0.15×3=2.0。【评分说明】①若考生以实际元素表示“降序排列”，同样给分。②若考生正确求出与其查找方法对应的查找成功时的平均查找长度，给 2 分；若计算过
程正确，但结果错误，给 1 分。③考生给出其他更高效的查找方法且正确，可参照评分标准给分。",
2013,计算机组成原理,43,"某 32 位计算机，CPU 主频为 800MHz，Cache 命中时的 CPI 为 4，Cache 块大小为 32 字节；主存采用 8 体交叉存储方式，每个体的存储字长为 32 位、存储周期是 40ns；存储器总线宽度为 32 位，总线时钟频率为 200MHz，支持突发传送总线事务。每次读突发传送总线事务的过程包括：送首地址和命令、存储器准备数据、传送数据。每次突发传送 32 字节，传送地址或者 32 位数据均需要一个总线时钟周期。请回答下列问题，要求给出理由或者计算过程。
(1) CPU 和总线的时钟周期各是多少？总线的带宽（即最大数据传输率）为多少？
(2) Cache 缺失时，需要用几个读突发传送总线事务来完成一个主存块的读取？
(3) 存储器总线完成一次读突发传送总线事务所需的时间是多少？
(4) 若程序 BP 执行过程中，共执行了 100 条指令，平均每条指令需要 1.2 次访存，Cache 缺失率是 5%，不考虑替换等开销，则 BP 的 CPU 执行时间是多少？",10,,"1）CPU 的时钟周期是主频的倒数，即 1/800MHz=1.25ns。总线的时钟周期是总线频率的倒数，即 1/200MHz=5ns。总线宽度为 32 位，故总线带宽为 4B×200MHz=800MB/s 或 4B/5ns=800MB/s。2）Cache 块大小是 32B，因此 Cache 缺失时需要一个读突发传送总线事务读取一个主存块。3）本题重点考查多体交叉存储器的并行性。一次读突发总线传输事务包括一次地址传送和 32B 数据传送：用 1 个总线时钟周期传输地址；每隔 40ns/8=5ns 启动一个体工作（各进行 1 次存取），第一个体读数据花费 40ns，之后数据存取与数据传输重叠；用 8 个总线时钟周期传输数据。读突发传送总线事务时间：5ns+40s+8×5ns=85ns4）BP 的 CPU 执行时间包括 Cache 命中时的指令执行时间和 Cache 缺失时带来的额外开销。命中时的指令执行时间：100×4×1.25ns=500ns。
指令执行过程中 Cache 缺失时的额外开销：1.2×100×5%×85ns=510ns。BP 的 CPU 执行时间：500ns+510ns=1010ns。【评分说明】① 执行时间采用如下公式计算时，可酌情给分。执行时间=指令条数×CPI×时钟周期×命中率 + 访存次数×缺失率×缺失损失② 计算公式正确但运算结果不正确时，可酌情给分。",
2013,计算机组成原理,44,"某计算机采用 16 位定长指令字格式，其 CPU 中有一个标志寄存器，其中包含进位/借位标志 CF、零标志 ZF 和符号标志 NF。假定为该机设计了条件转移指令，其格式如下：
其中，00000 为操作码 OP；C、Z 和 N 分别为 CF、ZF 和 NF 的对应检测位，某检测位为 1 时表示需检测对应标志，需检测的标志位中只要有一个为 1 就转移，否则就不转移，例如，若 C=1，Z=0，N=1，则需检测 CF 和 NF 的值，当 CF=1 或 NF=1 时发生转移；OFFSET 是相对偏移量，用补码表示。转移执行时，转移目标地址为 (PC)+2+2×OFFSET；顺序执行时，下条指令地址为 (PC)+2。请回答下列问题。
(1) 该计算机存储器按字节编址，还是按字编址？该条件转移指令向后（反向）最多可跳转最多少条指令？
(2) 某条件转移指令的地址为 200CH，指令内容如下图所示，若该执行时 CF=0，ZF=0，NF=1，则该指令执行后 PC 的值是多少？若该指令执行时 CF=1，ZF=0，NF=0，则该指令执行后 PC 的值又是多少？请给出计算过程。
(3) 实现“无符号数比较小于等于时转移”功能的指令中，C、Z 和 N 应各是什么？
(4) 以下是该指令对应的数据通路示意图，要求给出中部件①~③的名称或功能说明。
0 0 0 0 015110111 1 1 0 0 0 1 1109870",10,,1）因为指令长度为 16 位，且下条指令地址为 (PC)+2，故编址单位是字节。偏移量 OFFSET 为 8 位补码，范围为 -128~127，故相对于当前条件转移指令，向后最多可跳转 127 条指令。【评分说明】若正确给出 OFFSET 的取值范围，则酌情给分。2）指令中 C=0，Z=1，N=1，故应根据 ZF 和 NT 的值来判断是否转移。当 CF=0，ZF=0，NF=1 时，需转移。己知指令中偏移量为 11100011B=E3H，符号扩展后为 FFE3H，左移一位（乘 2）后为 FFC6H，故 PC 的值（即转移目标地址）为 200CH+2+FFC6H=1FD4H。当 CF=1，ZF=0，NF=0 时不转移。PC 的值为 200CH+2=200EH。3）指令中的 C、Z 和 N 应分别设置为 C=Z=1，N=0，进行数之间的大小比较通常是对两个数进行减法，而因为是无符号数比较小于等于时转移，即两个数相减结果为 0 或者负数都应该转移，若是 0，则 ZF 标志应当为 1，所以是负数，则借位标志应该为 1，而无符号数并不涉及符号标志 NF。4）部件①用于存放当前指令，不难得出为指令寄存器；多路选择器根据符号标志 C/Z/N 来决定下一条指令的地址是 PC+2 还是 PC+2+2×OFFSET，故多路选择器左边线上的结果应该是 PC+2+2×OFFSET。根据运算的先后顺序以及与 PC+2 的连接，部件②用于左移一位实现乘 2，为移位寄存器。部件③用于 PC+2 和 2×OFFSET 相加，为加法器。部件②：移位寄存器（用于左移一位）；部件③：加法器（地址相加）。【评分说明】合理给出部件名称或功能说明均给分。,
2013,操作系统,45,"某博物馆最多可以容纳 500 人同时参观，有一个出入口，该出入口一次仅允许一个人通过。参观者的活动描述如下：
请添加必要的信号量和 P、V（或wait()、signal()）操作，以实现上述过程中的互斥与同步。要求写出完整的过程，说明信号量的含义并赋初值。",10,,"出入口一次仅允许一个人通过，设置互斥信号量 mutex, 初值为 1。博物馆最多可同时容
纳 500 人，故设置信号量 empty, 初值为 500。semaphoreempty=500;semaphoremutex=1;visitor(){P(empty);P(mutex);进门;V(mutex);参观;P(mutex);出门;V(mutex);V(empty);}【评分说明】①信号量初值给 1 分，说明含义给 1 分，两个信号量的初值和含义共 4 分。②对 mutex 的 P、V 操作正确给 2 分。③对 empty 的 P、V 操作正确给 1 分。④其他答案，参照①~③的标准给分。",
2013,操作系统,46,"某计算机主存按字节编址，逻辑地址和物理地址都是 32 位，页表项大小为 4 字节。请回答下列问题。
(1) 若使用一级页表的分页存储管理方式，逻辑地址结构为：
则页的大小是多少字节？页表最大占用多少字节？
(2) 若使用二级页表的分页存储管理方式，逻辑地址结构为：
设逻辑地址为 LA，请分别给出其对应的页目录号和页表索引的表达式。
(3) 采用 (1) 中的分页存储管理方式，一个代码段起始逻辑地址为 0000 8000H，其长度为 8KB，被装载到从物理地址 0090 0000H 开始的连续主存空间中。页表从主存 0020 0000H 开始的物理地址处连续存放，如下图所示（地址大小自下向上递增）。请计算出该代码段对应的两个页表项的物理地址、这两个页表项中的页框号以及代码页面 2 的起始物理地址。",10,,1）因为主存按字节编址，页内偏移量是 12 位，所以页大小为212B=4KB。（1 分）页表项数为220，故该一级页表最大为220×4B =4MB。（2 分）2）页目录号可表示为：(((unsigned int)(LA)) >> 22) & 0x3FF。（1 分）页表索引可表示为：(((unsigned int)(LA)) >> 12) & 0x3FF。（1 分）【评分说明】①页目录号也可以写成(unsigned int)(LA) > 22；如果两个表达式没有对 LA 进行类型转换，同样给分。②如果用除法和其他开销很大的运算方法，但对基本原理是理解的，同样给分。③参考答案给出的是 C 语言的描述，用其他语言（包括自然语言）正确地表述了，同样给分。3）代码页面 1 的逻辑地址为 00008000H，表明其位于第 8 个页的位置，对应页表中的第 8 个页表项，所以第 8 个页表项的物理地址 = 页表起始地址 + 8×页表项的字节数 = 00200000H + 8×4 = 00200020H。由此可得如下图所示的答案。（3 分）00901H00900H0020 0024H0020 0020H代码页面2代码页面10090 1000H0090 0000H页表【评分说明】共 5 个答数。物理地址 1 和物理地址 2 共 1 分；页框号 1 和页框号 2 共 1 分；物理地址 3 给 1 分。,
2013,计算机网络,47,"假设 Internet 的两个自治系统构成的网络如题 47 图所示，自治系统 AS1 由路由器 R1 连接两个子网构成；自治系统 AS2 由路由器 R2、R3 互联并连接 3 个子网构成。各子网地址、R2 的接口名、R1 与 R3 的部分接口 IP 地址如题 47 图所示。
请回答下列问题。
(1) 假设路由表结构如下表所示。
请利用路由聚合技术，给出 R2 的路由表，要求包括到达题 47 图中所有子网的路由，且路由表中的路由项尽可能少。
(2) 若 R2 收到一个目的 IP 地址为 194.17.20.200 的 IP 分组，R2 会通过哪个接口转发该 IP 分组？
(3) R1 与 R2 之间利用哪个路由协议交换路由信息？该路由协议的报文被封装到哪个协议的分组中进行传输？",10,,1）要求 R2 的路由表能到达图中所有的子网，且路由项尽可能的少，则应对每个路由接口的子网进行聚合。在 AS1 中，子网 153.14.5.0/25 和子网 153.14.5.128/25 可以聚合为子网 153.14.5.0/24；在 AS2 中，子网 194.17.20.0/25 和子网 194.17.21.0/24 可以聚合为子网 194.17.20.0/23；子网 194.17.20.128/25 单独连接到 R2 的接口 E0。（6 分）于是可以得到 R2 的路由表如下：目的网络下一跳接口153.14.5.0/24153.14.3.2S0194.17.20.0/23194.17.24.2S1194.17.20.128/25-E0【评分说明】①每正确解答 1 个路由项，给 2 分，共 6 分。每条路由项正确解答目的网络 IP 地址但无前缀长度，给 0.5 分，正确解答前缀长度给 0.5 分，正确解答下一跳 IP 地址给 0.5 分，正确解答接口给 0.5 分。②路由项解答部分正确或路由项多于 3 条，可酌情给分。2）该 IP 分组的目的 P 地址 194.17.20.200 与路由表中 194.17.20.0/23 和 194.17.20.128/25 两个路由表项均匹配，根据最长匹配原则，R2 将通过 E0 接口转发该 P 分组。（1 分）3）R1 和 R2 属于不同的自治系统，故应使用边界网关协议 BGP（或 BGP4）交换路由信息；（1 分）BGP 是应用层协议，它的报文被封装到 TCP 协议段中进行传输。（1 分）【评分说明】若考生解答为 EGP 协议，且正确解答 EGP 采用 IP 协议进行通信，亦给分。,
2014,数据结构,41,"二叉树的带权路径长度（WPL）是二叉树中所有叶结点的带权路径长度之和。给定一棵二叉树 T，采用二叉链表存储，结点结构为：
其中叶结点的 weight 域保存该结点的非负权值。设 root 为指向 T 的根结点的指针，请设计求 T 的 WPL 的算法，要求：
(1) 给出算法的基本设计思想；
(2) 使用 C 或 C++ 语言，给出二叉树结点的数据类型定义；
(3) 根据设计思想，采用 C 或 C++ 语言描述算法，关键之处给出注释。",10,,"算法的基本设计思想：①基于先序递归遍历的算法思想是用一个 static 变量记录 wpl，把每个结点的深度作为递归函数的一个参数传递，算法步骤如下：若该结点是叶子结点，则变量 wpl 加上该结点的深度与权值之积；若该结点非叶子结点，则若左子树不为空，对左子树调用递归算法，若右子树不为空，对右子树调用递归算法，深度参数均为本结点的深度参数加 1；最后返回计算出的 wpl 即可。②基于层次遍历的算法思想是使用队列进行层次遍历，并记录当前的层数，当遍历到叶子结点时，累计 wpl;当遍历到非叶子结点时，把该结点的子树加入队列；当某结点为该层的最后一个结点时，层数自增 1；队列空时遍历结束，返回 wpl。二叉树结点的数据类型定义如下：typedefstructBiTNode(intweight;structBiTNode*lchild,*rchild;}BiTNode,*BiTree;算法代码如下：int_wpl(Node*root,intdepth){if(!root){return0;}intsum=0;if(root->lchild==NULL&&root->rchild==NULL){sum+=(depth*root->weight);}sum+=_wpl(root->left,depth+1);sum+=_wpl(root->right,depth+1);returnsum;}intwpl(Node*root){return_wpl(root,0);}【评分说明】①若考生给出能够满足题目要求的其他算法且正确，可同样给分。②考生答案无论使用 C 或者 C++ 语言，只要答案正确同样给分。③若对算法的基本设计思想和主要数据结构描述不十分准确，但在算法实现中能够清晰反映出算法思想且正确，参照①的标准给分。④若考生给出的二叉树结点的数据类型定义和算法实现中，使用的是除整型之外的其他数值，可视同使用整型类型。⑤若考生给出的答案中算法主要设计思想或算法中部分正确，可酌情给分。",
2014,数据结构,42,"某网络中的路由器运行 OSPF 路由协议，题 42 表是路由器 R1 维护的主要链路状态信息（LSI），题 42 图是根据题 42 表的接口名构造出来的网络拓扑。
请回答下列问题。
⑴ 本题中的网络可抽象为数据结构中的哪种结构？
⑵ 针对题 42 表中的内容，设计合理的链式存储结构，以保存题 42 表中的链路状态信息（LSI）。要求给出链式存储结构的数据定义，并画出对应题 42 表的链式存储结构示意图（示意图中仅以 ID 标识结点）。
⑶ 按照迪杰斯特拉（Dijkstra）算法的策略，依次给出 R1 到达题 42 图中子网 192.1.x.x 的最短路径及费用。",10,,"很多考生乍看之下以为是网络的题目，其实该题本身并没有涉及太多的网络知识点，只是
应用了网络的模型，实际上考查的还是数据结构的内容。1）图（1 分）题中给出的是一个简单的网络拓扑图，可以抽象为无向图。【评分说明】只要考生的答案中给出与图含义相似的描述，例如，“网状结构”“非线性结构”等，同样
给分。2）链式存储结构的如下图所示。structArc{uint32_tid;uint32_tip;intmetric;};structNet{uint32_tprefix;uint32_tmask;intmetric;};structLNode{LNode*next;// flag == 1：链路连接到路由器// flag == 2：链路连接到子网intflag;unionNetOrArc{Netnet;Arcarc;};};structHNode{uint32_trouter_id;LNode*next;HNode*next_hnode;};【评分说明】① 若考生给出的答案是将链表中的表头结点保存在一个一维数组中（即采用邻接表形
式），同样给分。② 若考生给出的答案中，弧结点没有使用 union 定义，而是采用两种不同的结构分别表示
Link 和 Net，同时在表头结点中定义了两个指针，分别指向由这两种类型的结点构成的两个链
表，同样给分。③考生所给答案的弧结点中，可以在单独定义的域中保存各直连网络 P 地址的前缀长度，
也可以与网络地址保存在同一个域中。④数据类型定义中，只要采用了可行的链式存储结构，并保存了题目中所给的 LS 信息，
如将网络抽象为一类结点，写出含 8 个表头结点的链式存储结构，均可参照①③的标准给分。⑤若考生给出的答案中，图示部分与其数据类型定义部分一致，图示只要能够体现链式
存储结构和网络连接关系（可以不给出结点内细节信息），即可给分。⑥若解答不完全正确，酌情给分。3）计算结果如下表所示：目的网络路径代价（费用）步骤 1192.1.1.0/24直接到达1步骤 2192.1.5.0/24R1→R3→192.1.5.0/243步骤 3192.1.6.0/24R1→R2→192.1.6.0/244步骤 4192.1.7.0/24R1→R2→R4→192.1.7.0/248【评分说明】①若考生给出的各条最短路径的结果部分正确，可酌情给分。②若考生给出的从 R1 到达子网 192.1.x.x 的最短路径及代价正确，但不完全符合代价不减
的次序，可酌情给分。",
2014,计算机组成原理,43,"请根据题 42 描述的网络，继续回答下列问题。
(1) 假设路由表结构如下表所示，请给出题 42 图中 R1 的路由表，要求包括到达题 42 图中子网 192.1.x.x 的路由，且路由表中的路由项尽可能少。
(2) 当主机 192.1.1.130 向主机 192.1.7.211 发送一个 TTL=64 的 IP 分组时，R1 通过哪个接口转发该 IP 分组？主机 192.1.7.211 收到的 IP 分组 TTL 是多少？
(3) 若 R1 增加一条 Metric 为 10 的链路连接 Internet，则题 42 表中 R1 的 LSI 需要增加哪些信息？",10,,"(1) 因为题目要求路由表中的路由项尽可能少，所以这里可以把子网 192.1.6.0/24 和 192.1.7.0/24 聚合为子网 192.1.6.0/23。其他网络照常，可得到路由表如下：（6分）目的网络下一条接口192.1.1.0/24-E0192.1.6.0/2310.1.1.2L0192.1.5.0/2410.1.1.10L1【评分说明】每正确解答一个路由项，给 2 分，共 6 分。路由项解答不完全正确，或路由项多于 3 条，可酌情给分。(2) 通过查路由表可知：R1 通过 L0 接口转发该 IP 分组。（1分）因为该分组要经过 3 个路由器（R1, R2, R4），所以主机 192.1.7.211 收到的 IP 分组的 TTL 是 64-3=61。（1分）(3) R1 的 LSI 需要增加一条特殊的直连网络，网络前缀 Prefix 为 “0.0.0.0/0”，Metric 为 10。（1分）【评分说明】考生只要回答：增加前缀 Prefix 为 “0.0.0.0/0”，Metric 为 10，同样给分。",
2014,计算机组成原理,44,"某程序中有如下循环代码段 P：“for (int i=0; i＜N; i++) sum += A[i];”。假设编译时变量 sum 和 i 分别分配在寄存器 R1 和 R2 中。常量 N 在寄存器 R6 中，数组 A 的首地址在寄存器 R3 中。程序段 P 起始地址为 08048100H，对应的汇编代码和机器代码如下表所示。
执行上述代码的计算机 M 采用 32 位定长指令字，其中分支指令 bne 采用如下格式：
Op 为操作码，Rs 和 Rd 为寄存器编号，OFFSET 为偏移量，用补码表示。请回答下列问题，并说明理由。
(1) M 的存储器编址单位是什么？
(2) 已知 sll 指令实现左移功能，数组 A 中每个元素占多少位？
(3) 题 44 表中 bne 指令的 OFFSET 字段的值是多少？已知 bne 指令采用相对寻址方式，当前 PC 内容为 bne 指令地址，通过分析题 44 表中指令地址和 bne 指令内容，推断出 bne 指令的转移目标地址计算公式。
(4) 若 M 采用如下“按序发射、按序完成”的 5 级指令流水线：IF（取指）、ID（译码及取数）、EXE（执行）、MEM（访存）、WB（写回寄存器），且硬件不采取任何转发措施，分支指令的执行均引起 3 个时钟周期阻塞，则 P 中那些指令的执行会由于数据相关而发生流水线阻塞？哪条指令的执行会发生控制冒险？为什么指令 1 的执行不会因为与指令 5 的数据相关而发生阻塞？",10,,该题涉及指令系统、存储管理以及 CPU 三个部分内容，考生应注意各章节内容之间的联系。已知计算机 M 采用 32 位定长指令字，即一条指令占 4B，观察表中各指令的地址可知，每条指令的地址差为 4 个地址单位，即 4 个地址单位代表 4B，一个地址单位就代表了 1B，所以该计算机是按字节编址的。（2 分）在二进制中某数左移两位相当于乘以 4，由该条件可知，数组间的数据间隔为 4 个地址单位，而计算机按字节编址，所以数组 A 中每个元素占 4B。（2 分）由表可知，bne 指令的机器代码为 1446 FFFAH，根据题目给出的指令格式，后 2B 的内容为 OFFSET 字段，所以该指令的 OFFSET 字段为 FFFAH，用补码表示，值为 -6（1 分）。当系统执行到 bne 指令时，PC 自动加 4，PC 的内容就为 08048118H，而跳转的目标是 08048100H，两者相差了 18H，即 24 个单位的地址间隔，所以偏移址的一位即是真实跳转地址的 -24/-6=4 位（1 分）。可知 bne 指令的转移目标地址计算公式为 (PC)+4+OFFSETx4（1 分）。由于数据相关而发生阻塞的指令为第 2、3、4、6 条，因为第 2、3、4、6 条指令都与各自前一条指令发生数据相关。（3 分）第 6 条指令会发生控制冒险。（1 分）当前循环的第五条指令与下次循环的第一条指令虽然有数据相关，但由于第 6 条指令后有 3 个时钟周期的阻塞，因而消除了该数据相关。（1 分）【评分说明】对于第 1 问，若考生回答：因为指令 1 和 2、2 和 3、3 和 4、5 和 6 发生数据相关，因而发生阻塞的指令为第 2、3、4、6 条，同样给 3 分。答对 3 个以上给 3 分，部分正确酌情给分。,
2014,操作系统,45,"假设对于题 44 中的计算机 M 和程序段 P 的机器代码，M 采用页式虚拟存储管理；P 开始执行时，(R1)=(R2)=0，(R6)=1000，其机器代码已调入主存但不在 Cache 中；数组 A 未调入主存，且所有数组元素在同一页，并存储在磁盘同一个扇区。请回答下列问题并说明理由。
(1) P 执行结束时，R2 的内容是多少？
(2) M 的指令 Cache 和数据 Cache 分离。若指令 Cache 共有 16 行，Cache 和主存交换的块大小为 32 字节，则其数据区的容量是多少？若仅考虑程序段 P 的执行，则指令 Cache 的命中率为多少？
(3) P 在执行过程中，哪条指令的执行可能发生溢出异常？哪条指令的执行可能产生缺页异常？对于数组 A 的访问，需要读磁盘和 TLB 至少各多少次？",10,,1）R2 里装的是 i 的值，循环条件是 i < N (1000)，即当 i 自增到不满足这个条件时跳出循环，程序结束，所以此时 i 的值为 1000。（1 分）2）Cache 共有 16 块，每块 32 字节，所以 Cache 数据区的容量为 16x32B=512B。（1 分）P 共有 6 条指令，占 24 字节，小于主存块大小 (32B)，其起始地址为 08048100H，对应一块的开始位置，由此可知所有指令都在一个主存块内。读取第一条指令时会发生 Cache 缺失，故将 P 所在的主存块调入 Cache 某一块，以后每次读取指令时，都能在指令 Cache 中命中。因此在 1000 次循环中，只会发生 1 次指令访问缺失，所以指令 Cache 的命中率为 (1000x6-1)/(1000×6)=99.98%。（2 分）【评分说明】若考生给出正确的命中率，而未说明原因和过程，给 1 分。若命中率计算错误，但解题思路正确，可酌情给分。3）指令 4 为加法指令，即对应 sum+=A[i]，当数组 A 中元素的值过大时，则会导致这条加法指令发生溢出异常；而指令 2、5 虽然都是加法指令，但它们分别为数组地址的计算指令和存储变量 i 的寄存器进行自增的指令，而 i 最大到达 1000，所以它们都不会产生溢出异常。（2 分）只有访存指令可能产生缺页异常，即指令 3 可能产生缺页异常。（1 分）因为数组 A 在磁盘的一页上，而一开始数组并不在主存中，第一次访问数组时会导致访盘，把 A 调入内存，而以后数组 A 的元素都在内存中，则不会导致访盘，所以该程序一共访盘一次。（2 分）每访问一次内存数据就会查 TLB 一次，共访问数组 1000 次，所以此时又访问 TLB 1000 次，还要考虑到第一次访问数组 A，即访问 A[0] 时，会多访问一次 TLB（第一次访问 A[0] 会先查一次 TLB，然后产生缺页，处理完缺页中断后，会重新访问 A[0]，此时又查 TLB)，所以访问 TLB 的次数一共是 1001 次。（2 分）【评分说明】①对于第 1 问，若答案中除指令 4 外还包含其他运算类指令（即指令 1、2、5），则给 1 分，其他情况，则给 0 分。②对于第 2 问，只要回答“1oad 指令”，即可得分。③对于第 3 问，若答案中给出的读 TLB 的次数为 1002，同样给分。若直接给出正确的 TLB 及磁盘的访问次数，而未说明原因，给 3 分。若给出的 TLB 及磁盘访问次数不正确，但解题思路正确，可酌情给分。,
2014,操作系统,46,"文件 F 由 200 条记录组成，记录从 1 开始编号。用户打开文件后，欲将内存中的一条记录插入文件 F 中，作为其第 30 条记录。请回答下列问题，并说明理由。
(1) 若文件系统采用连续分配方式，每个磁盘块存放一条记录，文件 F 存储区域前后均有足够的空闲磁盘空间，则完成上述插入操作最少需要访问多少次磁盘块？F 的文件控制块内容会发生哪些改变？
(2) 若文件系统采用链接分配方式，每个磁盘块存放一条记录和一个链接指针，则完成上述插入操作需要访问多少次磁盘块？若每个存储块大小为 1KB，其中 4B 存放链接指针，则该文件系统支持的文件最大长度是多少？",10,,1）系统采用顺序分配方式时，插入记录需要移动其他的记录块，整个文件共有 200 条记录，要插入新记录作为第 30 条，而存储区前后均有足够的磁盘空间，且要求最少的访问存储块数，则要把文件前 29 条记录前移，若算访盘次数移动一条记录读出和存回磁盘各是一次访盘，29 条记录共访盘 58 次，存回第 30 条记录访盘 1 次，共访盘 59 次。（1 分）F 的文件控制区的起始块号和文件长度的内容会因此改变。（1 分）2）文件系统采用链接分配方式时，插入记录并不用移动其他记录，只需找到相应的记录，修改指针即可。插入的记录为其第 30 条记录，那么 需要找到文件系统的第 29 块，一共需要访盘 29 次，然后把第 29 块的下块地址部分赋给新块，把新块存回内存会访盘 1 次，然后修改内存中第 29 块的下块地址字段，再存回磁盘（1 分），一共访盘 31 次。（1 分）4 字节共 32 位，可以寻址 232=4G 块存储块，每块的大小为 1KB，即 1024B，其中下块地址部分占 4B，数据部分占 1020B，那么该系统的文件最大长度是 4G×1020B=4080GB。（2 分）【评分说明】①第 1 小题的第 2 小问，若答案中不包含文件的起始地址和文件大小，则不给分。②若按 1024×232B=4096GB 计算最大长度，给 1 分。,
2014,计算机网络,47,系统中有多个生产者进程和多个消费者进程，共享一个能存放 1000 件产品的环形缓冲区（初始为空）。当缓冲区未满时，生产者进程可以放入其生产的一件产品，否则等待；当缓冲区未空时，消费者进程可以从缓冲区取走一件产品，否则等待。要求一个消费者进程从缓冲区连续取出 10 件产品后，其他消费者进程才可以取产品。请使用信号量 P、V（wait()，signal()）操作实现进程间的互斥与同步，要求写出完整的过程，并说明所用信号量的含义和初值。,10,,"这是典型的生产者和消费者问题，只对典型问题加了一个条件，只需在标准模型上新加一
个信号量，即可完成指定要求。设置四个变量 consumer_mutex、buffer_mutex、empty 和 full, consumer_mutex 用于一个控制一个消费者进程一个
周期（10 次）内对于缓冲区的控制，初值为 1；buffer_mutex 用于进程单次互斥的访问缓冲区，初值
为 1；empty 代表缓冲区的空位数，初值为 0；full 代表缓冲区的产品数，初值为 1000，具体进
程的描述如下：semaphoreconsumer_mutex=1;semaphorebuffer_mutex=1;semaphorefull=0;semaphoreempty=1000;Consumer(){while(1){P(consumer_mutex);for(inti=0;i<10;i++){P(full);P(buffer_mutex);从缓冲区取出产品;V(buffer_mutex);V(empty);消费产品;}V(consumer_mutex);}}Producer(){while(1){P(empty);生产产品;P(buffer_mutex);将产品放入缓冲区;V(buffer_mutex);V(full);}}【评分说明】①信号量的初值和含义都正确给 2 分。②生产者之间的互斥操作正确给 1 分；生产者与消费者之间的同步操作正确给 2 分；消费者之间互斥操作正确给 1 分。③控制消费者连续取产品数量正确给 2 分。④仅给出经典生产者 - 消费者问题的信号量定义和伪代码描述最多给 3 分。⑤若考生将题意理解成缓冲区至少有 10 件产品，消费者才能开始取，其他均正确，得 6 分。⑥部分完全正确，酌情给分。",
2015,数据结构,41,"用单链表保存m个整数，结点的结构为，且∣data∣≤n（n为正整数）。现要求设计一个时间复杂度尽可能高效的算法，对于链表中 data 的绝对值相等的结点，仅保留第一次出现的结点而删除其余绝对值相等的结点。例如，若给定的单链表 head 如下：
则删除结点后的 head 为：
要求：
(1) 给出算法的基本设计思想。
(2) 使用 C 或 C++ 语言，给出单链表结点的数据类型定义。
(3) 根据设计思想，采用 C 或 C++ 语言描述算法，关键之处给出注释。
(4) 说明你所设计算法的时间复杂度和空间复杂度。",10,,"1）算法的基本设计思想算法的核心思想是用空间换时间。使用辅助数组记录链表中已出现的数值，从而只需对链表进行一趟扫描。因为∣data∣≤n，故辅助数组q的大小为n+1，各元素的初值均为 0。依次扫描链表中的各
结点，同时检查q[∣data∣]的值，如果为0，则保留该结点，并令q[data]=1；否则，将该结点从
链表中删除。2）使用 C 语言描述的单链表结点的数据结构定义：3）算法实现voidRemoveElements(ListNode*head,intn){// 数组充当哈希表inthash[n+1];for(inti=0;i<=n;i++){// 0 表示没有命中hash[i]=0;}// 当遍历的结点ListNode*q=head->link;// 先前的结点ListNode*p=head;while(q!=NULL){// 绝对值已经出现过if(hash[abs(q->data)]==1){// 删除该节点p->next=q->next;q=p->next;}else{// 设置哈希表hash[abs(q->data)]=1;q=q->next;p=p->next;}}}【评分说明】若考生设计的算法满足题目的功能要求且正确，则酌情给分。4）参考答案所给算法的时间复杂度为 O(m)，空间复杂度为 O(n)。【评分说明】若考生所估计的时间复杂度和空间复杂度与考生实现的算法一致，可给分。",
2015,数据结构,42,"已知含有5个顶点的图G如下图所示。
请回答下列问题：
(1) 写出图G的邻接矩阵A（行、列下标均从0开始）。
(2) 求A2，矩阵A2中位于 0 行 3 列元素值的含义是什么？
(3) 若已知具有n(n≥2)个顶点的图的邻接矩阵为B，则Bm(2≤m≤n)中非零元素的含义是什么？
01243",10,,"1）图A的邻接矩阵如下：A=​01101​10011​10010​01101​11010​​2）A2如下：A=​31031​13212​02202​31031​12213​​0 行 3 列的元素值 3 表示从顶点 0 到顶点 3 之间长度为 2 的路径共有 3 条。3）Bm(2≤m≤n) 中位于i行j列（0≤i,j≤n−1）的非零元素的含义是：图中从顶点i到顶点j长度为m的路径条数。",
2015,计算机组成原理,43,"某 16 位计算机的主存按字节编址，存取单位为 16 位；采用 16 位定长指令字格式；CPU 采用单总线结构，主要部分如下图所示。
图中 R0～R3 为通用寄存器；T 为暂存器；SR 为移位寄存器，可实现直送（mov）、左移一位（left）和右移一位（right）3 种操作，控制信号为 SRop，SR 的输出由信号 SRout 控制；ALU 可实现直送 A（mova）、A 加 B（add）、A 减 B（sub）、A 与 B（and）、A 或 B（or）、非 A（not）、A 加 1（inc）这 7 种操作，控制信号为 ALUop。
注：已补充内总线到 MAR 的箭头和内总线到 IR 的箭头。
请回答下列问题。
(1) 图中哪些寄存器是程序员可见的？为何要设置暂存器 T？
(2) 控制信号 ALUop 和 SRop 的位数至少各是多少？
(3) 控制信号 SRout 所控制部件的名称或作用是什么？
(4) 端点①～⑨中，哪些端点须连接到控制部件的输出端？
(5) 为完善单总线数据通路，需要在端点①～⑨中相应的端点之间添加必要的连线。写出连线的起点和终点，以正确表示数据的流动方向。
(6) 为什么二路选择器 MUX 的一个输入端是 2？",10,,1）程序员可见寄存器为通用寄存器（R0~R3）和 PC。因为采用了单总线结构，因此，若无暂存器 T，则 ALU 的 A、B 端口会同时获得两个相同的数据，使数据通路不能正常工作。【评分说明】回答通用寄存器（R0~R3），给分；回答 PC，给分；部分正确，酌情给分。设置暂存器 T 的原因若回答用于暂时存放端口 A 的数据，则给分；其他答案，酌情给分。2）ALU 共有 7 种操作，故其操作控制信号 ALUop 至少需要 3 位；移位寄存器有 3 种操作，其操作控制信号 SRop 至少需要 2 位。3）信号 SRout 所控制的部件是一个三态门，用于控制移位器与总线之间数据通路的连接与断开。【评分说明】只要回答出三态门或者控制连接/断开，即给分。4）端口 ①、②、③、⑤、⑧ 须连接到控制部件输出端。【评分说明】答案包含④、⑥、⑦、⑨中任意一个，不给分；答案不全酌情给分。5）连线 1，⑥→⑨：连线 2，⑦→④。【评分说明】回答除上述连线以外的其他连线，酌情给分。6）因为每条指令的长度为 16 位，按字节编址，所以每条指令占用 2 个内存单元，顺序执行时，下条指令地址为 (PC)+2。MUX 的一个输入端为 2，可便于执行 (PC)+2 操作。,
2015,计算机组成原理,44,"题 43 中描述的计算机，其部分指令执行过程的控制信号如题 44 图 a 所示。
该机指令格式如题 44 图 b 所示，支持寄存器直接和寄存器间接两种寻址方式，寻址方式位分别为 0 和 1，通用寄存器 R0～R3 的编号分别为 0、1、2 和 3。
请回答下列问题。
(1) 该机的指令系统最多可定义多少条指令？
(2) 假定 inc、shl 和 sub 指令的操作码分别为 01H、02H 和 03H，则以下指令对应的机器代码各是什么？
(3) 假设寄存器 X 的输入和输出控制信号分别为 Xin 和 Xout，其值为 1 表示有效，为 0 表示无效（例如，PCout=1 表示 PC 内容送总线）；存储器控制信号为 MEMop，用于控制存储器的读 (read) 和写 (write) 操作。写出题 44 图 a 中标号①～⑧处的控制信号或控制信号的取值。
(4) 指令sub R1，R3，(R2)和inc R1的执行阶段至少各需要多少个时钟周期？
PCout=1, MARin=1, Tin=1, MEMop=readMUXop=①, ALUop=add, SRop=②SRout=1, PCin=1MDRout=1, IRin=1R1out=1, Tin=1, ALUop=③, SRop=④SRout=1, R2in=1R1out=1, MARin=1, MEMop=⑤R2out=1, Tin=1MDRout=1, MUXop=1, ALUop=⑥, SRop=⑦⑧=1, R0in=1取指阶段执行阶段shl R2, R1sub R0, R2, (R1)注：值为 0 的寄存器输入/输出控制信号以及值为任意的其他控制信号均为在图中标出。图 a    部分指令控制信号",10,,"1）指令操作码有 7 位，因此最多可定义27=128条指令。2）各条指令的机器代码分别如下：①“incR1”的机器码为 0000001001000000，即 0240H。②“shlR2,R1”的机器码为 0000010010001000，即 0488H。③“subR3,(R1),R2”的机器码为 0000011011101010，即 06EAH。3）各标号处的控制信号或控制信号取值如下：
①0；②mov；③mova；④left；⑤read；⑥sub；⑦mov；⑧Srout【评分说明】答对两个给分。4）指令subR1, R3, (R2)的执行阶段至少包含 4 个时钟周期；指令incR1的执行阶段至少包含 2 个时钟周期。",
2015,操作系统,45,"有 A、B 两人通过信箱进行辩论，每个人都从自己的信箱中取得对方的问题，将答案和向对方提出的新问题组成一个邮件放人对方的信箱中。假设 A 的信箱最多放M个邮件，B 的信箱最多放N个邮件。初始时 A 的信箱中有x个邮件 (0<x<M)，B 的的信箱中有y个邮件 (0<y<N)。辩论者每取出一个邮件，邮件数减 1。A 和 B 两人的操作过程描述如下：
当信箱不为空时，辩论者才能从信箱中取邮件，否则等待。当信箱不满时，辩论者才能将新邮件放入信箱，否则等待。请添加必要的信号量和 P、V（或 wait、signal）操作，以实现上述过程的同步。要求写出完整的过程，并说明信号量的含义和初值。",10,,"semaphoreA_full=x;// A 信箱中已有的邮件个数semaphoreA_empty=M-x;// A 信箱还可以放多少个邮件semaphoreB_full=y;// B 信箱中已有的邮件个数semaphoreB_empty=N-y;// B 信箱中还能放多少个邮件semaphoreA_mutex=1;// 互斥访问 A 信箱semaphoreB_mutex=1;// 互斥访问 B 信箱A(){while(1){P(A_full);P(A_mutex);从A信箱中取出一个邮件;V(A_mutex);V(A_empty);回答问题并提出新问题;P(B_empty);P(B_mutex);将信件放入B邮箱;V(B_mutex);V(B_full);}}B(){while(1){P(B_full);P(B_mutex);从B信箱中取出一个邮件;V(B_mutex);V(B_empty);回答问题并提出新问题;P(A_empty);P(A_mutex);将信件放入A邮箱;V(A_mutex);V(A_full);}}【评分说明】
1）每对信号量的定义及初值正确，给分。2）每个互斥信号量的 P、V 操作使用正确，各给分。3）每个同步信号量的 P、V 操作使用正确，各给分。4）其他答案酌情给分。",
2015,操作系统,46,"某计算机系统按字节编址，采用二级页表的分页存储管理方式，虚拟地址格式如下所示：
请回答下列问题。
(1) 页和页框的大小各为多少字节？进程的虚拟地址空间大小为多少页？
(2) 假定页目录项和页表项均占 4 个字节，则进程的页目录和页表共占多少页？要求写出计算过程。
(3) 若某指令周期内访问的虚拟地址为 0100 0000H 和 0111 2048H，则进行地址转换时共访问多少个二级页表？要求说明坪由。",10,,1）在分页存储管理方式中，将用户程序的地址空间分为若干固定大小的区域，称为“页”或“页面”。相应地，将内存空间分为若干物理块或页框（frame），页和页框大小相同。因此，页和页框大小均为212B =4KB。进程的虚拟地址空间大小为232/212=220页。2）(210×4)/212（页目录所占页数）+(220×4)/212（页表所占页数）=1025页。3）需要访问一个二级页表。因为虚拟地址 01000000H 和 01112048H 的最高 10 位的值都是 4，页目录号相同，访问的是同一个二级页表。【评分说明】用其他方法计算，思路和结果正确同样给分。,
2015,计算机网络,47,"某网络拓扑如题 47 图所示，其中路由器内网接口、DHCP 服务器、WWW 服务器与主机 1 均采用静态 IP 地址配置，相关地址信息见图中标注；主机 2～主机 N 通过 DHCP 服务器动态获取 IP 地址等配置信息。
(1) DHCP 服务器可为主机 2～主机 N 动态分配 IP 地址的最大范围是什么？主机 2 使用 DHCP 协议获取 IP 地址的过程中，发送的封装 DHCP Discover 报文的 IP 分组的源 IP 地址和目的 IP 地址分别是什么？
(2) 若主机 2 的 ARP 表为空，则该主机访问 Internet 时，发出的第一个以太网帧的目的 MAC 地址是什么？封装主机 2 发往 Internet 的 IP 分组的以太网帧的目的 MAC 地址是什么？
(3) 若主机 1 的子网掩码和默认网关分别配置为 255.255.255.0 和 111.123.15.2，则该主机是否能访问 WWW 服务器？是否能访问 Internet？请说明理由。",10,,1）DHCP 服务器可为 主机 2 ~ 主机 N 动态分配 IP 地址的最大范围是：111.123.15.5 ~ 111.123.15.254；主机 2 发送的封装 DHCP Discover 报文的 IP 分组的源 IP 地址和目的 IP 地址分别是 0.0.0.0 和 255.255.255.255。2）主机 2 发出的第一个以太网帧的目的 MAC 地址是 ff-ff-ff-f-ff-ff，封装主机 2 发往 Internet 的 P 分组的以太网帧的目的 MAC 地址是 00-a1-a1-a1-a1-a1。3）主机 1 能访问 WWW 服务器，但不能访问 Internet。.由于主机 1 的子网掩码配置正确而默认网关 IP 地址被错误地配置为 111.123.15.2（正确 IP 地址是 111.123.15.1)，所以主机 1 可以访问在同一个子网内的 WWW 服务器，但当主机 1 访问 Internet 时，主机 1 发出的 IP 分组会被路由到错误的默认网关（111.123.15.2)，从而无法到达目的主机。,
2016,数据结构,41,"假设题 33～41 图中的 H3 访问 Web 服务器 S 时，S 为新建的 TCP 连接分配了 20 KB (K=1 024) 的接收缓存，最大段长 MSS=1 KB，平均往返时间 RTT=200 ms。H3 建立连接时的初始序号为 100，且持续以 MSS 大小的段向 S 发送数据，拥塞窗口初始阈值为 32 KB；S 对收到的每个段进行确认，并通告新的接收窗口。假定 TCP 连接建立完成后，S 端的 TCP 接收缓存仅有数据存入而无数据取出。请回答下列问题。
(1) 在 TCP 连接建立过程中，H3 收到的 S 发送过来的第二次握手 TCP 段的 SYN 和 ACK 标志位的值分别是多少？确认序号是多少？
(2) H3 收到的第 8 个确认段所通告的接收窗口是多少？此时 H3 的拥塞窗口变为多少？H3 的发送窗口变为多少？
(3) 当 H3 的发送窗口等于 0 时，下一个待发送的数据段序号是多少？H3 从发送第 1 个数据段到发送窗口等于 0 时刻为止，平均数据传输速率是多少（忽略段的传输延时）？
(4) 若 H3 与 S 之间通信已经结束，在 t 时刻 H3 请求断开该连接，则从 t 时刻起，S 释放该连接的最短时间是多少？",10,,"1）TCP 连接的建立过程为三次握手：首先，H3 向 Wb 服务器 S 发出连接请求报文段，这时首部中的同步位 SYN=1，ACK=0，同时选择一个初始序号 seq=100。TCP 规定，SYN 报文段（即 SYN=1 的报文段）不能携带数据，但是要消耗一个序号。接着，S 收到连接请求报文段，为自己选择一个初始序号 seq=y，向 A 发送确认。这个报文段 SYN=1、ACK=1、seq=y，确认号 ack 是 100+1=101。它不能携带数据，但是也要消耗一个序号。最后，H3 收到 S 的确认报文段后，还要向 S 给出确认。这份确认报文段 SYN=0、ACK=1，确认号 ack=y+1，自己的序号 seq=101。因此，第二次握手 TCP 段的 SYN=1、（1 分）ACK=1;（1 分）确认序号是 101。（1 分）2）题目规定 S 对收到的每个段（MSS 大小的段）进行确认，并通告新的接收窗口，而且 TCP 接收缓存仅有数据存入而无数据取出。H3 收到的第 8 个确认段所通告的接收窗口是 20-8=12KB;（1 分）在慢开始算法里，发送方 H3 先设置拥塞窗口 cwnd=1KB，接下来每收到一个对新报文段的确认就使发送方的拥塞窗口加 KB。H3 共收到 8 个确认段，所以此时 H3 的拥塞窗口变为 1+8=9KB;（1 分）发送窗口=min{拥塞窗口，接收窗口}，所以 H3 的发送窗口变为 min{9,12}=9KB。（1 分）3）TCP 是用字节作为窗口和 序号 的单位。当 H3 的发送窗口等于 0KB 时，也就是接收窗口等于 0KB 时，下一个待发送段的序号是 20K+101=20×1024+101=20581；（1 分）H3 从发送第 1 个段到发送窗口等于 0KB 时刻为止，经过五个传输轮次，每个传输轮次的时间就是往返 RTT，因此平均数据传输速率是 20KB/(5×200ms)=20KB/s=20.48kbps。（1 分）4）通信结束后，H3 向 S 发送连接释放报文段。S 收到 H3 的连接释放报文段后，马上发出确认报文段。此时 S 已经没有数据需要传输，于是它也马上发出连接释放报文段。H3 在收到 S 的连接释放报文段后，发出确认报文段。S 在收到这份确认后就释放 TCP 连接。因此从 t 时刻起，S 释放该连接的最短时间是：H3 的连接释放报文段传送到 S 的时间+S 的连接释放报文段传送到 H3 的时间+H3 的确认报文段传送到 S 的时间 = 1.5×200ms = 300ms。（1 分）",
2016,数据结构,42,"如果一棵非空k（k≥2） 叉树T中每个非叶结点都有k个孩子，则称T为正则k叉树。请回答下列问题并给出推导过程。
(1) 若T有m个非叶结点，则T中的叶结点有多少个？
(2) 若T的高度为h（单结点的树h=1），则T的结点数最多为多少个？最少为多少个？",10,,"1）根据定义，正则k叉树中仅含有两类结点；叶结点（个数记为n0​）和度为k的分支结点（个数记为n1​）。树T中的结点总数n=n0​+nk​=n0​+m。树中所含的边数e=n−1，这些边均为m个度为k的结点发出的，即e=mk。整理得n0​+m=mk​+1，故n0​=(k−1)m+1。2）高度为h的正则k叉树T中，含最多结点的树形为：除第h层外，第1层到第h−1层的结点都是度为k的分支结点；而第h层均为叶结点，即树是“满”树。此时第j（1≤j≤h）层结点数为kj−1，结点总数M1​为M1​=i=0∑h​kj−1=k−1kh−1​含最少结点的正则K叉树的树形为：第1层只有根结点，第2层到第h−1层仅含1个分支结点和k−1个叶结点，第h层有K个叶结点。即除根外第2层到第h层中每层的结点数均为k，故T中所含结点总数M2​为M2​=1+(h−1)k【评分说明】①参考答案仅给出一种推导过程，若考生采用其他推导方法且正确，同样给分。
②若考生仅给出结果，但没有推导过程，则 (1)、(2) 的最高得分分别是 2 分和 3 分。若推导过程或答案不完全正确，酌情给分。",
2016,计算机组成原理,43,"已知由n(n≥2)个正整数构成的集合A=ak​∣0≤k<n，将其划分为两个不相交的子集A1​和A2​，元素个数分别是n1​和n2​，A1​和A2​中元素之和分别为S1​和S2​。设计一个尽可能高效的划分算法，满足∣n1​−n2​∣最小且∣S1​−S2​∣最大。要求：
(1) 给出算法的基本设计思想。
(2) 根据设计思想，采用 C 或 C++ 语言描述算法，关键之处给出注释。
(3) 说明你所设计算法的时间复杂度和空间复杂度。",10,,"1）算法的基本设计思想由题意知，将最小的⌊n/2⌋个元素放在A1​中，其余的元素放在A2​中，分组结果即可满足题目要求。仿照快速排序的思想，基于枢轴将个整数划分为两个子集。根据划分后枢轴所处的位置i分别处理：若i=⌊n/2⌋，则分组完成，算法结束；若i<⌊n/2⌋，则枢轴及之前的所有元素均属于A1​,继续对 i 之后的元素进行划分；若i>⌊n/2⌋，则枢轴及之后的所有元素均属于A2​，继续对i之前的元素进行划分；基于该设计思想实现的算法，无须对全部元素进行全排序，其平均时间复杂度是O(n)，空间复杂度是O(1)。2）算法实现实现参考快速排序的单向递归算法。intpartition(inta[],intlow,inthigh){intl=low;intr=high;intpivot=a[l];while(l<r){while(l<r&&a[r]>=pivot){r--;}a[l]=a[r];while(l<r&&a[l]<=pivot){l++;}a[r]=a[l];}a[l]=pivot;returnl;}// 按照第 k 个元素进行分区voidquickSelect(inta[],intlow,inthigh,intk){if(low<high){intpivotIndex=partition(a,low,high);if(pivotIndex==k){return}elseif(pivotIndex<k){quickSelect(a,pivotIndex+1,high,k);}else{quickSelect(a,low,pivotIndex-1,k);}}}// 空间复杂度：O(1)// 时间复杂度：O(n)voidsolve(inta[],intn){quickSelect(a,0,n-1,n/2);intS1=0;intS2=0;for(inti=0;i<n/2;i++){S1+=a[i];}for(inti=n/2;i<n;i++){S2+=a[i];}returnS2-S1;}3）本参考答案给出的算法平均时间复杂度是O(n), 空间复杂度是O(1)。",
2016,计算机组成原理,44,"假定 CPU 主频为 50MHz，CPI 为 4。设备 D 采用异步串行通信方式向主机传送 7 位 ASCII 字符，通信规程中有 1 位奇校验位和 1 位停止位，从 D 接收启动命令到字符送入 I/O 端口需要 0.5ms。请回答下列问题，要求说明理由。
(1) 每传送一个字符，在异步串行通信线上共需传输多少位？在设备 D 持续工作过程中，每秒钟最多可向 I/O 端口送入多少个字符？
(2) 设备 D 采用中断方式进行输入/输出，示意图如下∶
I/O 端口每收到一个字符申请一次中断，中断响应需 10 个时钟周期，中断服务程序共有 20 条指令，其中第 15 条指令启动 D 工作。若 CPU 需从 D 读取 1000 个字符，则完成这一任务所需时间大约是多少个时钟周期？CPU 用于完成这一任务的时间大约是多少个时钟周期？在中断响应阶段 CPU 进行了哪些操作？",10,,1）每传送一个 ASCII 字符，需要传输的位数有 1 位起始位、7 位数据位（ASCII 字符占 7 位）、1 位奇校验位和 1 位停止位，故总位数为 1 + 7 + 1 + 1 = 10。（2 分）I/O 端口每秒钟最多可接收 1000/0.5 = 2000 个字符。（1 分）【评分说明】对于第一问，若考生回答总位数为 9，则给 1 分。2）一个字符传送时间包括：设备 D 将字符送/O 端口的时间、中断响应时间和中断服务程序前 15 条指令的执行时间。时钟周期为 1/(50MHz)=20ns，设备 D 将字符送 I/O 端口的时间为 0.5ms/20ns=2.5×10⁴ 个时钟周期。一个字符的传送时间大约为 2.5×10⁴+10+15×4=25070 个时钟周期。完成 1000 个字符传送所需时间大约为 1000×25070=25070000 个时钟周期。（3 分）CPU 用于该任务的时间大约为 1000×(10+20×4)=9×10⁴ 个时钟周期。（1 分）在中断响应阶段，CPU 主要进行以下操作：关中断、保护断点和程序状态、识别中断源。（2 分）【评分说明】①位于第一问，若答案是 25070020，则同样给分；若答案是 25000000 或 25000020，则给 2 分。如果没有给出分布计算步骤，但算式和结果正确，同样给分。②对于第三问，只要回答关中断和保护断点，就给 2 分，其他答案酌情给分。,
2016,操作系统,45,"某计算机采用页式虚拟存储管理方式，按字节编址，虚拟地址为 32 位，物理地址为 24 位，页大小为 8KB；TLB 采用全相联映射；Cache 数据区大小为 64KB，按 2 路组相联方式组织，主存块大小为 64B。存储访问过程的示意图如下。
请回答下列问题。
(1) 图中字段 A～G 的位数各是多少？TLB 标记字段 B 中存放的是什么信息？
(2) 将块号为 4099 的主存块装入到 Cache 中时，所映射的 Cache 组号是多少？对应的 H 字段内容是什么？
(3) Cache 缺失处理的时间开销大还是缺页处理的时间开销大？为什么？
(4) 为什么 Cache 可以采用直写 (Write Through) 策略，而修改页面内容时总是采用回写 (Write Back) 策略？",10,,"1）页大小为 8KB，页内偏移地址为 13 位，故 A = B = 32-13 = 19；D = 13；C = 24-13 = 11；主存块大小为 64B，故 G = 6。
2 路组相联，每组数据区容量有 64B×2 = 128B，共有 64KB/128B = 512 组，故 F = 9；E = 24-G-F = 24-6-9 = 9。因而 A=19，B=19，C=11，D=13，E=9，F=9，G=6。（各 1 分，共 7 分）TLB 中标记字段 B 的内容是虚页号，表示该 TLB 项对应哪个虚页的页表项。（1 分）2）块号 4099=000001000000000011B，因此，所映射的 Cache 组号为 000000011B=3，（1 分）对应的 H 字段内容为 000001000B。（1 分）3）Cache 缺失带来的开销小，而处理缺页的开销大。（1 分）因为缺页处理需要访问磁盘，而 Cache 缺失只要访问主存。（1 分）【评分说明】对于 (3) 中第 2 问，若考生回答因为缺页需要软件实现而 Cache 缺失用硬件实现，则同样给分。4）因为采用直写法时需要同时写快速存储器和慢速存储器，而写磁盘比写主存慢很多，所以，在 Cache-主存层次，Cache 可以采用直写策略，而在主存 - 外存（磁盘）层次，修改页面内容时总是采用回写法。（2 分）",
2016,操作系统,46,"某进程调度程序采用基于优先数 (priority) 的调度策略，即选择优先数最小的进程运行，进程创建时由用户指定一个 nice 作为静态优先数。为了动态调整优先数，引入运行时间 cpuTime 和等待时间 waitTime，初值均为 0。进程处于执行态时，cpuTime 定时加 1，且 waitTime 置 0；进程处于就绪态时，cpuTime 置 0，waitTime 定时加 1。请回答下列问题。
(1) 若调度程序只将 nice 的值作为进程的优先数，即 priority=nice，则可能会出现饥饿现象，为什么？
(2) 使用 nice、cpuTime 和 waitTime 设计一种动态优先数计算方法，以避免产生饥饿现象，并说明 waitTime 的作用。",10,,"1）由于采用了静态优先数，当就绪队列中总有优先数较小的进程时，优先数较大的进程一直没有机会运行，因而会出现饥饿现象。（2 分）2）优先数 priority 的计算公式为 priority = nice + k1 × cpuTime - k2 × waitTime，其中 k1 > 0，k2 > 0，用来分别调整 cpuTime 和 waitTime 在 priority 中所占的比例。（3 分）waitTime 可使长时间等待的进程优先数减少，从而避免出现饥饿现象。（1 分）【评分说明】①公式中包含 nice 给 1 分，利用 cpuTime 增大优先数给 1 分，利用 waitTime 减少优先数
给 1 分；部分正确，酌情给分。②若考生给出包含 nice、cpuTime 和 waitTime 的其他合理的优先数计算方法，同样给分。",
2016,计算机网络,47,"某磁盘文件系统使用链接分配方式组织文件，簇大小为 4KB。目录文件的每个目录项包括文件名和文件的第一个簇号，其他簇号存放在文件分配表 FAT 中。
(1) 假定目录树如下图所示，各文件占用的簇号及顺序如下表所示，其中 dir、dir1 是目录，file1、file2 是用户文件。请给出所有目录文件的内容。
(2) 若 FAT 的每个表项仅存放簇号，占 2 个字节，则 FAT 的最大长度为多少字节？该文件系统支持的文件长度最大是多少？
(3) 系统通过目录文件和 FAT 实现对文件的按名存取，说明 file1 的 106、108 两个簇号分别存放在 FAT 的哪个表项中。
(4) 假设仅 FAT 和 dir 目录文件已读入内存，若需将文件 dir/dir1/file1 的第 5000 个字节读入内存，则要访问哪几个簇？",10,,1）两个目录文件 dir 和 dirl 的内容如下表所示。（3 分）dir148文件名簇号dir 目录文件file1100文件名簇号dir1 目录文件file2200【评分说明】每个目录项的内容正确给 1 分，共 3 分。2）由于FAT的簇号为 2 个字节，即 16 比特，因此在 FAT 表中最多允许 2¹⁶（65536）个表项，一个 FAT 文件最多包含 2¹⁶（65536）个簇。FAT 的最大长度为 2¹⁶×2B=128KB。（1 分）文件的最大长度是 2¹⁶×4B=256MB。（1 分）【评分说明】若考生考虑到文件结束标志、坏块标志等，且答案正确，同样给分。3）在 FAT 的每个表项中存放下一个簇号。file1 的簇号 106 存放在 FAT 的 100 号表项中，（1 分）簇号 108 存放在 FAT 的 106 号表项中。（1 分）4）先在 dir 目录文件里找到 dir1 的簇号，然后读取 48 号簇，得到 dir1 目录文件，接着找到 file1 的第一个簇号，据此在 FAT 里查找 file1 的第 5000 个字节所在的簇号，最后访问磁盘中的该簇。因此，需要访问目录文件 dir1 所在的 48 号簇，（1 分）及文件 file1 的 106 号簇。（1 分）,
2017,数据结构,41,"请设计一个算法，将给定的表达式树（二叉树）转换为等价的中缀表达式（通过括号反映操作符的计算次序）并输出。例如，当下列两棵表达式树作为算法输入时：
输出的中缀表达式分别为(a+b)*(c*(−d))和(a*b)+(−(c−d))。
二叉树结点的定义如下：
要求：
(1) 给出算法的基本设计思想。
(2) 根据设计思想，采用 C 或 C++ 语言描述算法，关键之处给出注释。",10,,"1）算法的基本设计思想表达式树的中序序列加上必要的括号即为等价的中缀表达式。可以基于二叉树的中序遍历策略得到所需的表达式。（3 分）表达式树中分支结点所对应的子表达式的计算次序，由该分支结点所处的位置决定。为得到正确的中缀表达式，需要在生成遍历序列的同时，在适当位置增加必要的括号。显然，表达式的最外层（对应根结点）及操作数（对应叶结点）不需要添加括号。（2 分）2）算法实现（10 分）voidpreorder(node*root,intdepth){if(!root){return;}boolisRoot=(depth==1);boolisLeaf=(!root->left&&!root->right);if(!isRoot&&!isLeaf){printf(""("");}preorder(root->left,depth+1);printf(""%s"",root->data);preorder(root->right,depth+1);if(!isRoot&&!isLeaf){printf("")"");}}voidsolve(node*root){preorder(root,1);}将二叉树的中序遍历递归算法稍加改造即可得本题答案。除根结点和叶结点外，遍历到其他结点时在遍历其左子树之前加上左括号，在遍历完右子树后加上右括号。【评分说明】①若考生设计的算法满足题目的功能要求，则（1)、(2) 根据所实现算法的策略及输出结果给分，评分标准见下表。分数备注15采用中序遍历算法且正确，括号嵌套正确，层数适当14采用中序遍历算法且正确，括号嵌套正确，但括号嵌套层数过多。例如，表达式最外层加上括号，或操作数加括号，如 (a)11采用中序遍历算法，但括号嵌套层数不完全正确。例如，左右括号数量不匹配9采用中序遍历算法，但没有考虑括号≤7其他②若考生采用其他方法得到正确结果，可参照①的评分标准给分。③如果程序中使用了求结点深度等辅助函数，但没有给出相应的实现过程，只要考生进
行了必要的说明，可不扣分。④若在算法的基本设计思想描述中因文字表达没有清晰反映出算法思路，但在算法实现
中能够表达出算法思想且正确的，则可参照①的标准给分。⑤若算法的基本设计思想描述或算法实现中部分正确，可参照①中各种情况的相应给分标准酌情给分。",
2017,数据结构,42,"使用 Prim（普里姆）算法求带权连通图的最小（代价）生成树（MST）。请回答下列问题。
(1) 对下列图 G，从顶点 A 开始求 G 的 MST，依次给出按算法选出的边。
(2) 图 G 的 MST 是唯一的吗？
(3) 对任意的带权连通图，满足什么条件时，其 MST 是唯一的？",10,,"1）Prim 算法属于贪心策略。算法从一个任意的顶点开始，一直长大到覆盖图中所有顶点为止。算法每一步在连接树集合 S 中顶点和其他顶点的边中，选择一条使得树的总权重增加最小的边加入集合 S。当算法终止时，S 就是最小生成树。S 中顶点为 A，候选边为 (A,D),(A,B),(A,E)，选择 (A,D) 加入 S。S 中顶点为 A,D，候选边为 (A,B),(A,E),(D,E),(C,D)，选择 (D,E) 加入 S。S 中顶点为 A,D,E，候选边为 (A,B),(C,D),(C,E)，选择 (C,E) 加入 S。S 中顶点为 A,D,E,C，候选边为 (A,B),(B,C)，选择 (B,C) 加入 S。S 就是最小生成树。依次选出的边为 (A,D),(D,E),(C,E),(B,C)（4 分）【评分说明】每正确选对一条边且次序正确，给 1 分。若考生选择的边正确，但次序不完
全正确，酌情给分。2）图 G 的 MST 是唯一的。（2 分）第一小题的最小生成树包括了图中权值最小的四条边，其他边都比这四条边大，所以此图的 MST 唯一。3）当带权连通图的任意一个环中所包含的边的权值均不相同时，其 MST 是唯一的。（2 分）此题不要求回答充分必要条件，所以回答一个限制边权值的充分条件即可。【评分说明】①若考生答案中给出的是其他充分条件，例如“带权连通图的所有边的权值均不相同”，同样给分。②若考生给出的充分条件对图的顶点数和边数做了某些限制，例如，限制了图中顶点的个数（顶点个数少于 3 个）、限制了图的形状（图中没有环）等，则最高给 1 分。③答案部分正确，酌情给分。",
2017,计算机组成原理,43,"已知f(n)=∑i=0n​2i=2n+1−1=11⋯1B，计算f(n)的 C 语言函数 f1 如下：
将 f1 中的 int 都改为 float，可得到计算 f(n) 的另一个函数 f2。假设 unsigned 和 int 型数据都占 32 位，float 采用 IEEE754 单精度标准。请回答下列问题。
(1) 当 n=0 时，f1 会出现死循环，为什么？若将 f1 中的变量 i 和 n 都定义为 int 型，则 f1 是否还会出现死循环？为什么？
(2) f1(23) 和 f2(23) 的返回值是否相等？机器数各是什么（用十六进制表示）？
(3) f1(24) 和 f2(24) 的返回值分别为 33554431 和 33554432.0，为什么不相等？
(4) f(31)=232−1，而 f1(31) 的返回值却为 -1，为什么？若使 f1(n) 的返回值与 f(n) 相等，则最大的 n 是多少？
(5) f2(127) 的机器数为 7F80 0000H，对应的值是什么？若使 f2(n) 的结果不溢出，则最大的 n 是多少？若使 f2(n) 的结果精确（无舍入），则最大的 n 是多少？",10,,"1）由于i和n是 unsigned 型，故i≤n−l是无符号数比较，n=0时，n−1的机器数为全1，值是232−1，为 unsigned 型可表示的最大数，条件i≤n−1永真，因此出现死循环。（2 分）若i和n改为 int 类型则不会出现死循环。（1 分）因为i≤n−1是带符号整数比较，n=0时，n−1的值是−1，当i=0时条件i≤n−1不成立，此时退出 for 循环。（1 分）2）f1(23) 与 f2(23) 的返回值相等。（1 分）f(23) =223+1−1=224−1，它的二进制形式是24个1。int 占32位，没有溢出。float 有1个符号位，8个指数位，23个底数位，23个底数位可以表示24位的底数。所以两者返回值相等。f1(23) 的机器数是 00FF FFFFH。（1 分）f2(23) 的机器数是 4B7F FFFFH。（1 分）显而易见前者是24个1，即00000000111111111111111111111111(2)​，后者符号位是0，
指数位为23+12710​=100101102​，底数位是111111111111111111111112​。3）当 n=24 时，f(24) = 1 1111 1111 1111 1111 1111 1111 B，而 float 型数只有 24 位有效位，舍入后数值增大，所以 f2(24) 比 f1(24) 大 1。（1 分）【评分说明】只要说明 f2(24) 需舍入处理即可给分。4）显然 f(31) 已超出了 int 型数据的表示范围，用 f1(31) 实现时得到的机器数为 32 个 1，作为 int 型数解释时其值为 -1，即 f1(31) 的返回值为 -1。（1 分）因为 int 型最大可表示数是 0 后面加 31 个 1，故使 f1(n) 的返回值与 f(n) 相等的最大 n 值是 30。（1 分）【评分说明】对于第二问，只要给出 n=30 即可给分。5）IEEE754 标准用“阶码全 1、尾数全 0”表示无穷大。2 返回值为 f1oat 型，机器数 7F800000H 对应的值是+∞。（1 分）当 n=126 时，f(126) =2127−1=1.1…1×2126，对应阶码为 127+126=253，尾数部分舍入后阶码加 1，最终阶码为 254，是 IEEE754 单精度格式表示的最大阶码。故使 2 结果不溢出的最大 n 值为 126。（1 分）当 n=23 时，f(23) 为 24 位 1，f1oat 型数有 24 位有效位，所以不需舍入，结果精确。故使 f2 获得精确结果的最大 n 值为 23。（1 分）【评分说明】对于第二问，只要给出 n=23，即可给分。对于第三问，只要给出 n=126，即可给分。",
2017,计算机组成原理,44,"在按字节编址的计算机 M 上，题 43 中 f1 的部分源程序（阴影部分）与对应的机器级代码（包括指令的虚拟地址）如下图所示。
其中，机器级代码行包括行号、虚拟地址、机器指令和汇编指令。
请回答下列问题。
(1) 计算机 M 是 RISC 还是 CISC？为什么？
(2) f1 的机器指令代码共占多少字节？要求给出计算过程。
(3) 第 20 条指令 cmp 通过 i 减 n-1 实现对 i 和 n-1 的比较。执行 f1(0) 过程中，当 i=0 时，cmp 指令执行后，进/借位标志 CF 的内容是什么？要求给出计算过程。
(4) 第 23 条指令 shl 通过左移操作实现了 power*2 运算，在 f2 中能否也用 shl 指令实现 power*2？为什么？",10,,（1）M 为 CISC。（1 分）M 的指令长短不一，不符合 RISC 指令系统特点。（1 分）（2）f1 的机器代码为 96B。（1 分）因为 f1 的第一条指令 “push ebp” 所在的虚拟地址为0040 1020H，最后一条指令 “ret” 所在的虚拟地址为0040 107FH，所以，f1 的机器指令代码长度为：0040 107FH - 0040 1020H + 1 = 60H = 96B（1分）（3）CF = 1。（1 分）cmp指令实现i与n-1的比较功能，进行的是减法运算。在执行 f1(0) 过程中，n=0，当i=0时，i=0000 0000H，并且n-1=FFFF FFFFH。因此，当执行第 20 条指令时，在补码加/减运算器中执行的是 “0 - FFFF FFFFH” 的操作，即：0000 0000H + 0000 0000H + 1 = 0000 0001H。此时，进位输出C=0，减法运算时的借位标志CF = C ⊕ 1 = 1。（2 分）（4）f2 中不能用shl指令实现power * 2。（1 分）因为shl指令用来将一个整数的所有有效位作为一个整体左移；而 f2 中的变量power是 float 型，其机器数中不包含最高有效位，但包含了阶码部分，将其作为一个整体左移时并不能实现 “乘 2” 的功能。因此在 f2 中不能用shl指令实现power * 2。（2 分）浮点数运算比整型运算要复杂，耗时也较长。,
2017,操作系统,45,"假定题 44 给出的计算机 M 采用二级分页虚拟存储管理方式，虚拟地址格式如下：
请针对题 43 的函数 f1 和题 44 中的机器指令代码，回答下列问题。
(1) 函数 f1 的机器指令代码占多少页？
(2) 取第 1 条指令（push ebp）时，若在进行地址变换的过程中需要访问内存中的页目录和页表，则会分别访问它们各自的第几个表项（编号从 0 开始）？
(3) M 的 I/O 采用中断控制方式。若进程 P 在调用 f1 之前通过 scanf() 获取 n 的值，则在执行 scanf() 的过程中，进程 P 的状态会如何变化？CPU 是否会进入内核态？",10,,"1）函数 1 的代码段中所有指令的虚拟地址的高 20 位相同，因此 1 的机器指令代码在同
一页中，仅占用 1 页。（1 分）页目录号用于寻找页目录的表项，该表项包含页表的位置。页表
索引用于寻找页表的表项，该表项包含页的位置。2）push ebp 指令的虚拟地址的最高 10 位（页目录号）为 0000000001，中间 10 位（页
表索引）为 0000000001，所以，取该指令时访问了页目录的第 1 个表项，（1 分）在对应的页
表中访问了第 1 个表项。（1 分）3）在执行 scanf0 的过程中，进程 P 因等待输入而从执行态变为阻塞态。（1 分）输入结束
时，P 被中断处理程序唤醒，变为就绪态。（1 分）P 被调度程序调度，变为运行态。（1 分）CPU
状态会从用户态变为内核态。（1 分）",
2017,操作系统,46,"某进程中有 3 个并发执行的线程 thread1、thread2、thread3，其伪代码如下所示。
请添加必要的信号量和 P、V（或 wait()、signal()）操作，要求确保线程互斥访问临界资源，并且最大程度地并发执行。",10,,"先找出线程对在各个变量上的互斥、并发关系。如果是一读一写或两个都是写，那么这就是互斥关系。每一个互斥关系都需要一个信号量进行调节。// 冲突：// t1 和 t3 关于 y 有读写冲突// t2 和 t3 关于 y, z 都有读写冲突// 解决 t1 和 t3 关于 y 读写冲突semaphorey_mutex1=1;semaphorey_mutex2=1;semaphorez_mutex=1;// 全局变量 x y zcnumx,y,z;thread1(){cnumw;// 读 x, yP(y_mutex1);w=add(x,y);V(y_mutex1);// ...}thread2(){cnumw;// 读 y, zP(z_mutex);P(y_mutex2);w=add(y,z);V(y_mutex2);V(z_mutex);// ...}thread3(){cnumw;w.a=1;w.b=1;// 写 zP(z_mutex);z=add(z,w);V(z_mutex);// 写 yP(y_mutex1);P(y_mutex2);y=add(y,w);V(y_mutex2);V(y_mutex1);// ...}【评分标准】① 各线程与变量之间的互斥、并发情况及相应评分见下表。变量/线程对thread1 和 thread2thread2 和 thread3thread3 和 thread4给分x不共享不共享不共享1 分y同时读读写互斥读写互斥3 分z不共享读写互斥不共享1 分② 考生仅使用一个互斥信号量，互斥代码部分的得分最多给 2 分。③ 答案部分正确，酌情给分。",
2017,计算机网络,47,"甲乙双方均采用后退 N 帧协议 (GBN) 进行持续的双向数据传输，且双方始终采用捎带确认，帧长均为 1000 B。Sx,y​和Rx,y​分别表示甲方和乙方发送的数据帧，其中：x是发送序号；y是确认序号（表示希望接收对方的下一帧序号）；数据帧的发送序号和确认序号字段均为 3 比特。信道传输速率为 100 Mbps，RTT = 0.96 ms。下图给出了甲方发送数据帧和接收数据帧的两种场景，其中t0​为初始时刻，此时甲方的发送和确认序号均为 0，t1​时刻甲方有足够多的数据待发送。
请回答下列问题。
(1) 对于图 (a)，t0​时刻到t1​时刻期间，甲方可以断定乙方已正确接收的数据帧数是多少？正确接收的是哪几个帧（请用Sx,y​形式给出）？
(2) 对于图 (a)，从t1​时刻起，甲方在不出现超时且未收到乙方新的数据帧之前，最多还可以发送多少个数据帧？其中第一个帧和最后一个帧分别是哪个（请用Sx,y​形式给出）？
(3) 对于图 (b)，从t1​时刻起，甲方在不出现新的超时且未收到乙方新的数据帧之前，需要重发多少个数据帧？重发的第一个帧是哪个（请用Sx,y​形式给出）？
(4) 甲方可以达到的最大信道利用率是多少？",10,,"1）6 时刻到 t 时刻期间，甲方可以断定乙方已正确接收了 3 个数据帧，（1 分）分别是S0,0​,S1,0​,S2,0​（1 分）。R3,3​说明乙发送的数据帧确认号是 3，即希望甲发送序号 3 的数据帧，说明乙已经接收了序号为 0~2 的数据帧。2）从t1​时刻起，甲方最多还可以发送 5 个数据帧（1 分），其中第一个帧是S5,2​（1 分），最后一个数据帧是S1,2​（1 分）。发送序号 3 位，有 8 个序号。在 GBN 协议中，序号个数 ≥ 发送窗口 + 1，所以这里发送窗口最大为 7。此时已发送了S3,0​和S4,1​，所以最多还可以发送 5 个帧。3）甲方需要重发 3 个数据帧（1 分），重发的第一个帧是S2,3​（1 分）。在 GBN 协议中，接收方发送了 N 帧后，检测出错，则需要发送出错帧及其之后的帧。S2,0​超时，所以重发的第一帧是S2​。已收到乙的R2​帧，所以确认号应为 3。\[
\frac{7 \times \frac{8 \times 1000}{100 \times 10^6}}{0.96 \times 10^{-3} + 2 \times \frac{8 \times 1000}{100 \times 10^6}} \times 100\% = 50%
\]4）甲方可以达到的最大信道利用率是U= 发送数据的时间/从开始发送第一帧到收到第一个确认帧的时间 =N⋅Td/(Td+RTT+Ta)U是信道利用率，N是发送窗口的最大值，Td是发送一数据帧的时间，RTT是往返时间，Ta是发送一确认帧的时间。这里采用捎带确认，Td=Ta。【评分说明】答案部分正确，酌情给分。",
2018,数据结构,41,"给定一个含 n(n≥1) 个整数的数组，请设计一个在时间上尽可能高效的算法，找出数组中未出现的最小正整数。例如，数组{-5, 3, 2, 3}中未出现的最小正整数是 1；数组{1, 2, 3}中未出现的最小正整数是 4。要求：
(1) 给出算法的基本设计思想。
(2) 根据设计思想，采用 C 或 C++ 语言描述算法，关键之处给出注释。
(3) 说明你所设计算法的时间复杂度和空间复杂度。",10,,"1）题目要求算法时间上尽可能高效，因此采用空间换时间的办法。分配一个用于标记的数组B[n]，用来记录A中是否出现了1∼n中的正整数，B[0]对应正整数1，B[n−1]对应正整数n，初始化B中全部为0。由于A中含有n个整数，因此可能返回的值是1∼n+1，当A中n个数恰好为1∼n时返回n+1。当数组A中出现了小于等于0或大于n的值时，会导致1∼n中出现空余位置，返回结果必然在1∼n中，因此对于A中出现了小于等于0或大于n的值可以不采取任何操作。经过以上分析可以得出算法流程：从A[0]开始遍历A，若0<A[i]≤n，则令B[A[i]−1]=1；否则不进行操作。对A遍历结束后，开始遍历数组B，若能查找到第一个满足B[i]=0的下标i，返回i+1即为结果，此时说明A中未出现的最小正整数在1∼n之间。若B[i]全部不为0，返回i+1（跳出循环时i=n，i+1等于n+1），此时说明A中未出现的最小正整数是n+1。2）算法实现intfindMissMin(inta[],intn){// 来记录 1 ~ n 是否出现过intvis[n];for(inti=0;i<n;i++){vis[i]=0;}// 在 vis 数组中记录哪些正整数出现过for(inti=0;i<n;i++){intnum=a[i];if(num>0){vis[num-1]=1;}}// 遍历 vis 来找到最小消失的正整数for(inti=0;i<n;i++){if(vis[i]==0){returni+1;}}returnn+1;}3）时间复杂度：遍历A一次，遍历B一次，两次循环内操作步骤为O(1)量级，因此时间
复杂度为O(n)。空间复杂度：额外分配了B[n], 空间复杂度为O(n)。",
2018,数据结构,42,"拟建设一个光通信骨干网络连通 BJ、CS、XA、QD、JN、NJ、TL 和 WH 等 8 个城市，题 42 图中无向边上的权值表示两个城市间备选光缆的铺设费用。
请回答下列问题。
(1) 仅从铺设费用角度出发，给出所有可能的最经济的光缆铺设方案（用带权图表示），并计算相应方案的总费用。
(2) 题 42 图可采用图的哪一种存储结构？给出求解问题 (1) 所使用的算法名称。
(3) 假设每个城市采用一个路由器按 (1) 中得到的最经济方案组网，主机 H1 直接连接在 TL 的路由器上，主机 H2 直接连接在 BJ 的路由器上。若 H1 向 H2 发送一个 TTL=5 的 IP 分组，则 H2 是否可以收到该 IP 分组？",10,,"1）为了求解最经济的方案，可以把问题抽象为求无向带权图的最小生成树。可以采用手动 Prim 算法或 Kruskal 算法作图。注意本题最小生成树有两种构造，如下图所示。XABJWHCSQDTLJNNJ2222233XABJWHCSQDTLJNNJ2222233方案 1方案 2方案的总费用为 16。2）存储题中的图可以采用邻接矩阵（或邻接表）。构造最小生成树采用 Prim 算法（或 Kruskal
算法）。3）TTL= 5，即 IP 分组的生存时间（最大传递距离）为 5，方案 1 中 TL 和 BJ 的距离过远，TTL = 5 不足以让 IP 分组从 H1 传送到 H2，因此 H2 不能收到 IP 分组。而方案 2 中 TL 和 BJ 邻近，H2 可以收到 IP 分组。",
2018,计算机组成原理,43,"假定计算机的主频为 500MHz，CPI 为 4。现有设备 A 和 B，其数据传输率分别为 2MBps 和 40MBps，对应 I/O 接口中各有一个 32 位数据缓冲寄存器。请回答下列问题，要求给出计算过程。
(1) 若设备 A 采用定时查询 I/O 方式，每次输入/输出都至少执行 10 条指令。设备 A 最多间隔多长时间查询一次才能不丢失数据？CPU 用于设备 A 输入/输出的时间占 CPU 总时间的百分比至少是多少？
(2) 在中断 I/O 方式下，若每次中断响应和中断处理的总时钟周期数至少为 400，则设备 B 能否采用中断 I/O 方式？为什么？
(3) 若设备 B 采用 DMA 方式，每次 DMA 传送的数据块大小 1000B，CPU 用于 DMA 预处理和后处理的总时钟周期数为 500，则 CPU 用于设备 B 输入/输出的时间占 CPU 总时间的百分比最大是多少？",10,,1）程序定时向缓存端口查询数据，由于缓存端口大小有限，必须在传输完端口大小的数据时访问端口，以防止部分数据未被及时读取而丢失。设备 A 准备 32 位数据所用的时间为 4B/2MB=2μs，所以最多每隔 2μs 必须查询一次，每秒的查询次数至少是 1s / 2μs =5×105，每秒 CPU 用于设备 A 输入/输出的时间至少为5×105×10×4=2×107个时钟周期，占整个 CPU 时间的百分比至少是2×10/500M=4%。2）中断响应和中断处理的时间为 400×(1/500M)=0.8μs，这时只需判断设备 B 准备 32 位数据要多久，如果准备数据的时间小于中断响应和中断处理的时间，那么数据就会被刷新，造成丢失。经过计算，设备 B 准备 32 位数据所用的时间为 4B/40MB=0.1us，因此设备 B 不适合采用中断 I/O 方式。3）在 DMA 方式中，只有预处理和后处理需要 CPU 处理，数据的传送过程是由 DMA 控制的。设备 B 每秒的 DMA 次数最多为 40MB/1000B=40000，CPU 用于设备 B 输入/输出的时间最多为40000×500=2×107个时钟周期，占 CPU 总时间的百分比最多为2×107/500M=4%。,
2018,计算机组成原理,44,"某计算机采用页式虚拟存储管理方式，按字节编址。CPU 进行存储访问的过程如题 44 图所示。
根据题 44 图回答下列问题。
(1) 主存物理地址占多少位？
(2) TLB 采用什么映射方式？TLB 用 SRAM 还是 DRAM 实现？
(3) Cache 采用什么映射方式？若 Cache 采用 LRU 替换算法和回写（Write Back）策略，则 Cache 每行中除数据（Data）、Tag 和有效位外，还应有哪些附加位？Cache 总容量是多少？Cache 中有效位的作用是什么？
(4) 若 CPU 给出的虚拟地址为 0008C040H，则对应的物理地址是多少？是否在 Cache 中命中？说明理由。若 CPU 给出的虚拟地址为 0007C260H，则该地址所在主存块映射到的 Cache 组号是多少？",10,,"1）物理地址由实页号和页内地址拼接，因此其位数为 16+12=28 或直接可得 20+3+5=28。2）TLB采用全相联映射，可以把页表内容调入任一块空 TLB 项中，TLB 中每项都有一个比较器，没有映射规则，只要空闲就行。TLB 采用静态存储器 SRAM，读写速度快，但成本高，多用于容量较小的高速缓冲存储器。3）从图中可以看到，Cache 中每组有两行，故采用 2 路组相联映射。因为是 2 路组相联并采用 LRU 替换算法，所以每行（或每组）需要 1 位 LRU 位；因为采用回写策略，所以每行有 1 位修改位（脏位），根据脏位判断数据是否被更新，若脏位为 1 则需要写回内存。28 位物理地址中 Tag 字段占 20 位，组索引字段占 3 位，块内偏移地址占 5 位，故 Cache
共有23=8组，每组 2 行，每行有25=32B，故 Cache 总容量为8×2×(20+1+1+1+32×8)=4464位= 558 字节。Cache 中有效位用来指出所在 Cache 行中的信息是否有效。4）虚拟地址分为两部分：虚页号、页内地址；物理地址分为两部分：实页号、页内地址。利用虚拟地址的虚页号部分去查找 TLB 表（缺失时从页表调入），将实页号取出后和虚拟地址的页内地址拼接，就形成了物理地址。虚页号 008CH 恰好在 TLB 表中对应实页号 0040H（有效位为 1，说明存在），虚拟地址的后 3 位为页内地址 040H，则对应的物理地址是 0040040H。物理地址为 0040040H，其中高 20 位 00400H 为标志字段，低 5 位 00000B 为块内偏移量，中间 3 位 010B 为组号 2，因此将 00400H 与 Cache 中的第 2 组两行中的标志字段同时比较，可以看出，虽然有一个 Cache 行中的标志字段与 00400H 相等，但对应的有效位为 0，而另一 Cache 行的标志字段与 00400H 不相等，故访问 Cache 不命中。因为物理地址的低 12 位与虚拟地址低 12 位相同，即为 001001100000B。根据物理地址的结构，物理地址的后八位 01100000B 的前三位 011B 是组号，因此该地址所在的主存映射到 Cache 的组号为 3。",
2018,操作系统,45,"请根据题 44 图给出的虚拟存储管理方式，回答下列问题。
(1) 某虚拟地址对应的页目录号为 6，在相应的页表中对应的页号为 6，页内偏移量为 8，该虚拟地址的十六进制表示是什么？
(2) 寄存器 PDBR 用于保存当前进程的页目录起始地址，该地址是物理地址还是虚拟地址？进程切换时，PDBR 的内容是否会变化？说明理由。同一进程的线程切换时，PDBR 的内容是否会变化？说明理由。
(3) 为了支持改进型 CLOCK 置换算法，需要在页表项中设置哪些字段？",10,,1）由图可知，地址总长度为 32 位，高 20 位为虚页号，低 12 位为页内地址，且虚页号高 10 位为页目录号，低 10 位为页号。十六进制表示为 01806008H。2）PDBR 为页目录基址地址寄存器（Page-Directory Base Register），其存储页目录表物理内存基地址。进程切换时，PDBR 的内容会变化；同一进程的线程切换时，PDBR 的内容不会变化。每个进程的地址空间、页目录和 PDBR 的内容存在一一对应的关系。进程切换时，地址空间发生了变化，对应的页目录及其起始地址也相应变化，因此需要用进程切换后当前进程的页目录起始地址刷新 PDBR。同一进程中的线程共享该进程的地址空间，其线程发生切换时，地址空间不变，线程使用的页目录不变，因此 PDBR 的内容也不变。3）改进型 Clock置换算法需要用到使用位和修改位，故需要设置访问字段（使用位）和修改字段（脏位）。,
2018,操作系统,46,"某文件系统采用索引节点存放文件的属性和地址信息，簇大小为 4KB。每个文件索引节点占 64B，有 11 个地址项，其中直接地址项 8 个，一级、二级和三级间接地址项各 1 个，每个地址项长度为 4B。请回答下列问题。
(1) 该文件系统能支持的最大文件长度是多少？（给出计算表达式即可）
(2) 文件系统用 1M（1M=220）个簇存放文件索引节点，用 512M 个簇存放文件数据。若一个图像文件的大小为 5600B，则该文件系统最多能存放多少个这样的图像文件？
(3) 若文件 F1 的大小为 6KB，文件 F2 的大小为 40KB，则该文件系统获取 F1 和 F2 最后一个簇的簇号需要的时间是否相同？为什么？",10,,1）簇大小为 4KB，每个地址项长度为 4B，故每簇有 4KB/4B = 1024 个地址项。最大文件的物理块数可达8+1×1024+1×10242+1×10243，每个物理块（簇）大小为 4KB，故最大文件长度为(8+1×1024+1×10242+1×10243)×4KB=32KB+4MB+4GB+4TB。2）文件索引节点总个数为 1M×4KB/64B=64M，5600B 的文件占 2 个簇，512M 个簇可存放的文件总个数为 512M/2=256M。可表示的文件总个数受限于文件索引节点总个数，故能存储 64M 个大小为 5600B 的图像文件。3）文件 F1 的大小为6KB<4KB×8=32KB，故获取文件 F1 的最后一个簇的簇号只需要访问索引节点的直接地址项。文件 F2 的大小为 40KB，4KB×8<40KB<4KB×8+4KB×1024，故获取 F2 的最后一个簇的簇号还需要读一级索引表。综上，需要的时间不相同。,
2018,计算机网络,47,"某公司网络如题 47 图所示。IP 地址空间 192.168.1.0/24 被均分给销售部和技术部两个子网，并已分别为部分主机和路由器接口分配了 IP 地址，销售部子网的 MTU=1500 B，技术部子网的 MTU=800 B。
请回答下列问题。
(1) 销售部子网的广播地址是什么？技术部子网的子网地址是什么？若每个主机仅分配一个 IP 地址，则技术部子网还可以连接多少台主机？
(2) 假设主机 192.168.1.1 向主机 192.168.1.208 发送一个总长度为 1500 B 的 IP 分组，IP 分组的头部长度为 20 B，路由器在通过接口 F1 转发该 IP 分组时进行了分配。若分片时尽可能分为最大片，则一个最大 IP 分片封装数据的字节数是多少？至少需要分为几个分片？每个分片的片偏移量是多少？",10,,1）广播地址是网络地址中主机号全 1 的地址（主机号全 0 的地址代表网络本身）。销售部和技术部均分配了 192.168.1.0/24 的 P 地址空间，P 地址的前 24 位为子网的网络号。于是在后 8 位中划分部门的子网，选择前 1 位作为部门子网的网络号。令销售部子网的网络号为 0，技术部子网的网络号为 1，则技术部子网的完整地址为 192.168.1.128；令销售部子网的主机号全 1，可以得到该部门的广播地址为 192.168.1.127。每个主机仅分配一个 P 地址，计算目前还可以分配的主机数，用技术部可以分配的主机数减去已分配的主机数，技术部总共可以分配给计算机的主机数为 2-2=126（减去全 0 和全 1 的主机号）。已经分配了 208-129+1=80 个，此外还有 1 个 P 地址分配给了路由器的端口（192.168.1.254），因此还可以分配 126-80-1=45 台。2）判断分片的大小，需要考虑各个网段的 MTU，而且注意分片的数据长度必须是 8B 的整数倍。由题可知，在技术部子网内，MTU=800B，P 分组头部长 20B，最大 IP 分片封装数据的字节数为⌊(800−20)/8×8=776⌋。至少需要的分片数为⌈(1500−20)/776=2⌉。第 1 个分片的偏移量为 0；第 2 个分片的偏移量为 776/8=97。,
2019,数据结构,41,"设线性表L=(a1​,a2​,a3​,⋯,an−1​,an−1​,an​)采用带头结点的单链表保存，链表中的结点定义如下：
请设计一个空间复杂度为O(1)且时间上尽可能高效的算法，重新排列L中的各结点，得到线性表L′=(a1​,an​,a2​,an−1​,a3​,an−2​,⋯)。要求：
(1) 给出算法的基本设计思想。
(2) 根据设计思想，采用 C 或 C++ 语言描述算法，关键之处给出注释。
(3) 说明你所设计算法的时间复杂度。",10,,"1）算法的基本设计思想：先观察 L(a1​,a2​,a3​,⋯,an−2​,an−1​,an​) 和 L’(a1​,an​,a2​,an−1​,a3​,an−2​,⋯)，发现 L’ 是由 L 摘取第一个元素，再摘取倒数第一个元素⋯依次合并而成的。为了方便链表后半段取元素，需要先将 L 后半段原地逆置［题目要求空间复杂度为 助栈］，否则每取最后一个结点都需要遍历一次链表。①先找出链表 L 的中间结点，为此设置两个指针 p 和 q，指针 p 每次走一步，指针 q 每次走两步，当指针 q 到达链尾时，指针 p 正好在链表的中间结点；②然后将 L 的后半段结点原地逆置。③从单链表前后两段中依次各取一个结点，按要求重排。2）算法实现如下：// 找到链表的中间结点NODE*findMiddleNode(NODE*head){NODE*slow=head;NODE*fast=head;while(fast!=NULL){fast=fast->next;if(fast!=NULL){fast=fast->next;}slow=slow->next;}returnslow;}// 反转链表NODE*reverse(NODE*start){NODE*p=start;NODE*q=start->next;while(q!=NULL){NODE*tmp=q->next;q->next=p;p=q;q=tmp;}returnp;}// 1. 找到中位结点// 2. 翻转后一半链表// 3. 遍历两个链表，依次穿插所有结点voidsolve(HEAD*head){if(head->next==NULL){return;}NODE*middle=findMiddleNode(head);NODE*list2=reverse(middle);NODE*list1=head->next;// 穿插操作NODE*p=list1;NODE*q=list2;// 退出循环的条件// 链表长度为奇数：p == q// 链表长度为偶数：p->next == q// while (!(p == q || p->next == q))while(p!=q&&p->next!=q){NODE*tmp1=p->next;NODE*tmp2=q->next;p->next=q;q->next=tmp1;p=tmp1;q=tmp2;}}3）第 1 步找中间结点的时间复杂度为 O(n)，第 2 步逆置的时间复杂度为 O(n)，第 3 步合并链表的时间复杂度为 O(n)，所以该算法的时间复杂度为 O(n)。",
2019,数据结构,42,"请设计一个队列，要求满足：
① 初始时队列为空；
② 入队时，允许增加队列占用空间；
③ 出队后，出队元素所占用的空间可重复使用，即整个队列所占用的空间只增不减；
④ 入队操作和出队操作的时间复杂度始终保持为 O(1) 。
请回答下列问题：
(1) 该队列是应选择链式存储结构，还是应选择顺序存储结构？
(2) 画出队列的初始状态，并给出判断队空和队满的条件。
(3) 画出第一个元素入队后的队列状态。
(4) 给出入队操作和出队操作的基本过程。",10,,"1）顺序存储无法满足要求②的队列占用空间随着入队操作而增加。根据要求来分析：要求①容易满足；链式存储方便开辟新空间，要求②容易满足；对于要求③，出队后的结点并不真正释放，用队头指针指向新的队头结点，新元素入队时，有空余结点则无须开辟新空间，赋值到队尾后的第一个空结点即可，然后用队尾指针指向新的队尾结点，这就需要设计成一个首尾相接的循环单链表，类似于循环队列的思想。设置队头、队尾指针后，链式队列的入队操作和出队操作的时间复杂度均为 O(1)，要求④可以满足。因此，采用链式存储结构（两段式单向循环链表），队头指针为 front，队尾指针为 rear。2）该循环链式队列的实现，可以参考循环队列，不同之处在于循环链式队列可以方便增加空间，出队的结点可以循环利用，入队时空间不够也可以动态增加。同样，循环链式队列也要区分队满和队空的情况，这里参考循环队列牺牲一个单元来判断。初始时，创建只有一个空闲结点的循环单链表，头指针 front 和尾指针 rear 均指向空闲结点，如下图所示。frontrear队空的判定条件：front == rear。队满的判定条件：front == rear->next。3）插入第一个元素后的状态如下图所示。frontrear4）操作的基本过程：入队操作if (front == rear->next)
    则在 rear 后面插入一个新的空闲结点；
入队元素保存到 rear 所指结点中；rear=rear->next；返回。出队操作if（front==rear） // 队空
    则出队失败，返回；
取 front 所指结点中的元素 e；front=front->next；返回 e。",
2019,计算机组成原理,43,有 n（n ≥ 3）位哲学家围坐在一张圆桌边，每位哲学家交替地就餐和思考。在圆桌中心有 m（m ≥ 1）个碗，每两位哲学家之间有一根筷子。每位哲学家必须取到一个碗和两侧的筷子后，才能就餐，进餐完毕，将碗和筷子放回原位，并继续思考。为使尽可能多的哲学家同时就餐，且防止出现死锁现象，请使用信号量的 P、V 操作（wait()、signal() 操作）描述上述过程中的互斥与同步，并说明所用信号量及初值的含义。,10,,"回顾传统的哲学家就餐问题，假设餐桌上有 n 个哲学家、根筷子，那么可以用这种方法避免死锁：限制至多允许 n-1 个哲学家同时“抢”筷子，那么至少会有 1 个哲学家可以获得两根筷子并顺利进餐，于是不可能发生死锁的情况。本题可以用碗这个限制资源来避免死锁：当碗的数量 m 小于哲学家的数量 n 时，可以直接让碗的资源量等于 m，确保不会出现所有哲学家都拿一侧筷子而无限等待另一侧筷子进而造成死锁的情况；当碗的数量大于等于哲学家的数量时，为了让碗起到同样的限制效果，我们让碗的资源量等于 -1，这样就能保证最多只有 n-1 个哲学家同时进餐，所以得到碗的资源量为 min{n-1, m}。在进 PV 操作时，碗的资源量起限制哲学家取筷子的作用，所以需要先对碗的资源量进行 P 操作。具体过程如下：// 限制哲学家能同时拿到盘子的数量semaphorefork[n]={1};// 并发盘子数量 < nsemaphoreplate=min(m,n-1);philosopher(inti){while(1){think();P(plate);P(fork[i]);P(fork[(i+1)%n]);eat();V(fork[i]);V(fork[(i+1)%n]);V(plate);}}",
2019,计算机组成原理,44,"某计算机系统中的磁盘有 300 个柱面，每个柱面有 10 个磁道，每个磁道有 200 个扇区，扇区大小为 512B。文件系统的每个簇包含 2 个扇区。请回答下列问题：
(1) 磁盘的容量是多少？
(2) 假设磁头在 85 号柱面上，此时有 4 个磁盘访问请求，簇号分别为 100260、60005、101660 和 110560。若采用最短寻道时间优先 (SSTF) 调度算法，则系统访问簇的先后次序是什么？
(3) 第 100530 簇在磁盘上的物理地址是什么？将簇号转换成磁盘物理地址的过程是由 I/O 系统的什么程序完成的？",10,,"1）磁盘容量 = 磁盘的柱面数每个柱面的磁道数每个磁道的扇区数每个扇区的大小 =(300×10×200×512/1024)KB=3×105KB。2）磁头在 85 号柱面上，对SSTF算法而言，总是访问当前柱面距离最近的地址。注意每
个簇包含 2 个扇区，通过计算得到，85 号柱面对应的簇号为 85000～85999。通过比较得
出，系统最先访问离 85000～85999 最近的 100260，随后访问离 100260 最近的 101660，
然后访问 110560，最后访问 60005。顺序为 100260、101660、110560、60005。3）参考CHS 地址，第 100530 簇在磁盘上的物理地址由其所在的柱面号、磁道号、扇区号构成。柱面号= ⌊簇号/每个柱面的簇数⌋ = ⌊100530/(10×200/2)⌋ = 100。磁道号 = ⌊(簇号%每个柱面的簇数)/每个磁道的簇数⌋ = ⌊530/(200/2)⌋ = 5。扇区号 = 扇区地址%每个磁道的扇区数 = (530×2) % 200 = 60。将簇号转换成磁盘物理地址的过程由磁盘驱动程序完成。",
2019,操作系统,45,"已知f(n)=n!=n×(n−1)×(n−2)×⋯×2×1，计算f(n)的 C 语言函数 f1 的源程序（阴影部分）及其在 32 位计算机 M 上的部分机器级代码如下：
其中，机器级代码行包括行号、虚拟地址、机器指令和汇编指令，计算机 M 按字节编址，int 型数据占 32 位。请回答下列问题：
(1) 计算 f(10) 需要调用函数 f1 多少次？执行哪条指令会递归调用 f1？
(2) 上述代码中，哪条指令是条件转移指令？哪几条指令一定会使程序跳转执行？
(3) 根据第 16 行的 call 指令，第 17 行指令的虚拟地址应是多少？已知第 16 行的 call 指令采用相对寻址方式，该指令中的偏移量应是多少（给出计算过程）？已知第 16 行的 call 指令的后 4 字节为偏移量，M 是采用大端方式还是采用小端方式？
(4) f(13)=6227020800，但 f1(13) 的返回值为 1932053504，为什么两者不相等？要使 f1(13) 能返回正确的结果，应如何修改 f1 的源程序？
(5) 第 19 行的 imul 指令（带符号整数乘）的功能是 R[eax]←R[eax]×R[ecx]，当乘法器输出的高、低 32 位乘积之间满足什么条件时，溢出标志 OF=1？要使 CPU 在发生溢出时转异常处理，编译器应在 imul 指令后应加一条什么指令？",10,,1）计算 f(10) 需要调用函数 f1 共 10 次，执行第 16 行的 call 指令会递归调用 f1。2）第 12 行的 jle 指令是条件转移指令，其含义为小于等于时转移，本行代码的意义为：当 n≤1 时，跳转至地址 0040 1035H。第 16 行的 call 指令为函数调用指令，第 20 行的 jmp 指令为无条件转移指令，第 30 行的 ret 指令为子程序的返回指令，这三条指令一定会使程序跳转执行。3）其长度计算机 M 上按字节编址，第 16 行的 call 指令的虚拟地址为 0040 1025H，长度为 5 字节，故第 17 行的指令的虚拟地址为 0040 1025H + 5 = 0040 102AH。第 16 行的 call 指令采用相对寻址方式，即目标地址 = (PC) +偏移量，call 指令的目标地址为 0040 1000H，所以偏移量 = 目标地址 - (PC) = 0040 1000H - 0040 102AH = FFFF FFD6H。根据第 16 行的 call 指令的偏移量字段为 D6 FF FF FF，可以确定 M 采用小端方式。4）因为 f(13) = 6227020800，其结果超出了 32 位 int 型数据可表示的最大范围，因此 f(13) 的返回值是一个发生了溢出的错误结果。为使 f1(13) 能返回正确结果，可将函数 f1 的返回值类型改为 double（或 long long，或 long double，或 float）类型。5）若乘积的高 33 位为非全 0 或非全 1，则 OF=1。编译器应在 imul 指令后加一条“溢出自陷指令”，使得 CPU 自动查询溢出标志 OF，当 OF=1 时调出“溢出异常处理程序”。,
2019,操作系统,46,对于上题，若计算机 M 的主存地址为 32 位，釆用分页存储管理方式，页大小为 4KB，则第 1 行的 push 指令和第 30 行的 ret 指令是否在同一页中（说明理由）？若指令 Cache 有 64 行，采用 4 路组相联映射方式，主存块大小为 64B，则 32 位主存地址中，哪几位表示块内地址？哪几位表示 Cache 组号？哪几位表示标记（tag）信息？读取第 16 行的 call 指令时，只可能在指令 Cache 的哪一组中命中（说明理由）？,10,,因为页大小为 4KB，所以虚拟地址的高 20 位为虚拟页号。第 1 行的 push 指令和第 30 行的 ret 指令的虚拟地址的高 20 位都是 00401H，因此两条指令在同一页中。指令 Cache 有 64 块，采用 4 路组相联映射方式，故指令 Cache 共有 64/4 = 16 组，Cache 组号共 4 位。主存块大小为 64B，故块内地址为低 6 位。综上所述，在 32 位主存地址中，低 6 位为块内地址，中间 4 位为组号，高 22 位为标记。因为页大小为 4KB，所以虚拟地址和物理地址的最低 12 位完全相同，因而 call 指令虚拟地址 0040 1025H 中的 025H = 0000 0010 0101B 为物理地址的低 12 位，对应的 7～10 位为组号，故对应的 Cache 组号为 0。,
2019,计算机网络,47,"某网络拓扑如题 47 图所示，其中 R 为路由器，主机 HI~H4 的 IP 地址配置以及 R 的各接口 IP 地址配置如图中所示。现有若干台以太网交换机（无 VLAN 功能）和路由器两类网络互连设备可供选择。
请回答下列问题：
(1) 设备 1、设备 2 和设备 3 分别应选择什么类型网络设备？
(2) 设备 1、设备 2 和设备 3 中，哪几个设备的接口需要配置 IP 地址？并为对应的接口配置正确的 IP 地
址。
(3) 为确保主机 H1~H4 能够访问 Internet，R 需要提供什么服务？
(4) 若主机 H3 发送一个目的地址为 192.168.1.127 的 IP 数据报，网络中哪几个主机会接收该数据报？",10,,1）以太网交换机（无 VLAN 功能）连接的若干 LAN 仍然是一个网络（同一个广播域），路由器可以连接不同的 LAN、不同的 WAN 或把 WAN 和 LAN 互联起来，隔离了广播域。IP 地址 192.168.1.2/26 与 192.168.1.3/26 的网络前缀均为 192.168.1.0，视为 LAN1。IP 地址 192.168.1.66/26 与 192.168.1.67/26 的网络前缀均为 192.168.1.64，视为 LAN2。所以设备 1 为路由器，设备 2、3 为以太网交换机。2）设备 1 为路由器，其接口应配置 IP 地址。IF1 接口与路由器 R 相连，其相连接口的 IP 地址为 192.168.1.253/30，253 的二进制表示形式为 11111101，故 IF1 接口的网络前缀也应为 192.168.1.111111，已分配 192.168.1.253，去除全 0 全 1，IF1 接口的 IP 地址应为 192.168.1.254。LAN1 的默认网关为 192.168.1.1，LAN2 的默认网关为 192.168.1.65，网关的 IP 地址是具有路由功能的设备的 IP 地址，通常默认网关地址就是路由器中的 LAN 端口地址，设备 1 的 IF2、IF3 接口的 IP 地址分别设置为 192.168.1.1 和 192.168.1.65。3）私有地址段：C 类 192.168.0.0~192.168.255.255，即 H1～H4 均为私有 IP 地址，若要能够访问 Internet，R 需要提供 NAT 服务，即网络地址转换服务。4）主机 H3 发送一个目的地址为 192.168.1.127 的 IP 数据报，主机号全为 1，为本网络的广播地址，由于路由器可以隔离广播域，只有主机 H4 会接收到数据报。,
2020,数据结构,41,"定义三元组(a,b,c)（a,b,c均为正数）的距离D=∣a−b∣+∣b−c∣+∣c−a∣。给定3个非空整数集合S1​,S2​,S3​，按升序分别存储在3个数组中。请设计一个尽可能高效的算法，计算并输出所有可能的三元组(a,b,c)（a∈S1​,b∈S2​,c∈S3​）中的最小距离。例如S1​={−1,0,9},S2​={−25,−10,10,11},S3​={2,9,17,30,41}。则最小距离为2，相应的三元组为(9,10,9)。
要求：
（1）给出算法的基本设计思想；
（2）根据设计思想，采用 C 或 C++ 语言描述算法，关键之处给出注释；
（3）说明你所设计算法的时间复杂度和空间复杂度",10,,"分析，由D=∣a−b∣+∣b−c∣+∣c−a∣≥0得：① 当a=b=c时，距离最小。② 其余情况。不失一般性，假设观察下面的数轴：L1​=∣a−b∣，L2​=∣b−c∣，L3​=∣c−a∣，D=∣a−b∣+∣b−c∣+∣c−a∣=L1​+L2​+L3​=2L3​由D的表达式可知，事实上决定D大小的关键是a和c之间的距离，于是问题就可以简化为每次固定c找一个a使得L3​=∣c−a∣最小。1）算法的基本设计思想使用Dmin​记录所有已处理过的三元组的最小距离，初值为一个足够大的整数。集合S1​、S2​和S3​，分别保存在数组A、B、C中。数组的下标变量i=j=k=0，当i<S1​、j<S2​且k<S3​时（∣S∣表示集合S中的元素个数），循环执行以下过程：计算（A[i]，B[j]，C[j]）的距离D；（计算D）若D<Dmin​，则Dmin​=D；（更新D)将A[i]，B[i]，C[j]中的最小值的下标+1；（对照分析：最小值为a，最大值为c，这里c不变而更新a，试图寻找更小距离D）输出Dmin​，结束。2）算法实现voidsolve(intS1[],intn1,intS2[],intn2,intS3[],intn3){inti=0,j=0,k=0;intres=INT32_MAX;while(i<n1&&j<n2&&k<n3){inta=S1[i],b=S2[j],c=S3[k];intD=abs(a-b)+abs(b-c)+abs(a-c);res=min(res,D);intv=min3(a,b,c);if(v==a){i++;}elseif(v==b){j++;}else{k++;}}returnres;}3）设n=∣S1​∣+∣S2​∣+∣S3​∣，时间复杂度为O(n)，空间复杂度为O(1)。",images\2020\2020_41.svg
2020,数据结构,42,"任一个字符的编码都不是其它字符编码的前缀，则称这种编码具有前缀特性。现有某字符集（字符个数≥2）的不等长编码，每个字符的编码均为二进制的 0、1 序列，最长为 L 位，且具有前缀特性。请回答下列问题：
⑴ 哪种数据结构适宜保存上述具有前缀特性的不等长编码？
⑵ 基于你所设计的数据结构，简述从 0/1 串到字符串的译码过程。
⑶ 简述判定某字符集的不等长编码是否具有前缀特性的过程。",10,,"1）使用一棵二叉树保存字符集中各字符的编码，每个编码对应于从根开始到达某叶结点的
一条路径，路径长度等于编码位数，路径到达的叶结点中保存该编码对应的字符。2）从左至右依次扫描 0/1 串中的各位。从根开始，根据串中当前位沿当前结点的左子指针
或右子指针下移，直到移动到叶结点时为止。输出叶结点中保存的字符。然后从根开始
重复这个过程，直到扫描到 0/1 串结束，译码完成。3）二叉树既可用于保存各字符的编码，又可用于检测编码是否具有前缀特性。判定编码是
否具有前缀特性的过程，也是构建二叉树的过程。初始时，二叉树中仅含有根结点，其
左子指针和右子指针均为空。依次读入每个编码 C，建立/寻找从根开始对应于该编码的一条路径，过程如下：对每个编码，从左至右扫描 C 的各位，根据 C 的当前位 (0 或 1) 沿结点的指针（左子指
针或右子指针）向下移动。当遇到空指针时，创建新结点，让空指针指向该新结点并继续
移动。沿指针移动的过程中，可能遇到三种情况：若遇到了叶结点（非根），则表明不具有前缀特性，返回。若在处理 C 的所有位的过程中，均没有创建新结点，则表明不具有前缀特性，返回。若在处理 C 的最后一个编码位时创建了新结点，则继续验证下一个编码。若所有编码均通过验证，则编码具有前缀特性。",
2020,计算机组成原理,43,"有实现x×y的两个 C 语言函数如下：
假定某计算机 M 中 ALU 只能进行加减运算和逻辑运算。请回答下列问题。
(1) 若 M 的指令系统中没有乘法指令，但有加法、减法和移位等指令，则在 M 上也能实现上述两个函数中的乘法运算，为什么？
(2) 若 M 的指令系统中有乘法指令，则基于 ALU、移位器、寄存器以及相应控制逻辑实现乘法指令时，控制逻辑的作用是什么？
(3) 针对以下三种情况：①没有乘法指令；②有使用 ALU 和移位器实现的乘法指令；③有使用阵列乘法器实现的乘法指令，函数umul()在哪种情况下执行时间最长？哪种情况下执行的时间最短？说明理由。
(4)n位整数乘法指令可保存2n位乘积，当仅取低n位作为乘积时，其结果可能会发生溢出。当n=32、x=231−1、y=2时，带符号整数乘法指令和无符号整数乘法指令得到的x×y的2n位乘积分别是什么（用十六进制表示）？此时函数umul()和imul()的返回结果是否溢出？对于无符号整数乘法运算，当仅取乘积的低位作为乘法结果时，如何用2n位乘积进行溢出判断",10,,"1）乘法运算可以通过加法和移位来实现。编译器可以将乘法运算转换为一个循环代码段，在循环代码段中通过比较、加法和移位等指令实现乘法运算。2）控制逻辑的作用是控制循环次数，控制加法和移位操作。3）①最长，③最短。对于①，需要用循环代码段（即软件）实现乘法操作，因而需要反复
执行很多条指令，而每条指令都需要取指令、译码、取数、执行并保存结果，所以执行
时间很长；对于②和③，都只需用一条乘法指令实现乘法操作，不过②中的乘法指令需
要多个时钟周期才能完成，而③中的乘法指令可以在一个时钟周期内完成，所以③的执
行时间最短。4）当n=32，x=231−1，y=2时，带符号整数和无符号整数乘法指令得到的64位乘积都是
00000000 FFFF FFFEH。int 型的表示范围为[−231,231−1]，故函数imul()的结果溢出：
unsigned int 型的表示范围为[0,232−1]，故函数umul()的结果不溢出。对于无符号整数
乘法，若乘积高n位全为0，即使低n位全为1也正好是232−1，不溢出，否则溢出。",
2020,计算机组成原理,44,"假定主存地址为 32 位，按字节编址，指令 Cache 和数据 Cache 与主存之间均采用 8 路组相联映射方式，直写（WriteThrough）写策略和 LRU 替换算法，主存块大小为 64B，数据区容量各为 32KB。开始时 Cache 均为空。请回答下列问题。
(1) Cache 每一行中标记（Tag）、LRU 位各占几位？是否有修改位？
(2) 有如下 C 语言程序段：
若数组 s 及其变量 k 均为 int 型，int 型数据占 4B，变量 k 分配在寄存器中，数组 s 在主存中的起始地址为 008000C0H，则该程序段执行过程中，访问数组 s 的数据 Cache 缺失次数为多少？
(3) 若 CPU 最先开始的访问操作是读取主存单元 00010003H 中的指令，简要说明从 Cache 中访问该指令的过程，包括 Cache 缺失处理过程。",10,,"1）主存块大小为 64B=2 字节，所以主存地址低 6 位为块内地址，Cache 组数为
32KB/(64B×8) = 64 =26，故主存地址中间 6 位为 Cache 组号，主存地址中高 32-6-6
=20 位为标记，采用 8 路组相联映射，故每行中的 LRU 位占 3 位，采用直写方式，故
没有修改位。2）0080 00C0H = 0000 0000 1000 0000 0000 0000 1100 0000B，主存地址的低 6 位为块内地
址，为全 0，故 s 位于一个主存块的开始处，占 1024×4B/64B=64 个主存块：在执行程
序段的过程中，每个主存块中的 64B/4B=16 个数组元素依次读、写 1 次，因而对每个
主存块，总是第一次访问缺失，此时会将整个主存块调入 Cache，之后每次都命中。综
上，数组 s 的数据 Cache 访问缺失次数为 64 次。3）0001 0003H = 0000 0000 0000 0001 0000 0000 0000 0011B，根据主存地址划分可知，组
索引为 0，故该地址所在主存块被映射到指令 Cache 的第 0 组；因为 Cache 初始为空，
所有 Cache 行的有效位均为 O，所以 Cache 访问缺失。此时，将该主存块取出后存入指
令 Cache 的第 0 组的任意一行，并将主存地址高 20 位（00010H）填入该行标记字段，
设置有效位，修改 LRU 位，最后根据块内地址 000011B 从该行中取出相应的内容。",
2020,操作系统,45,现有 5 个操作 A、B、C、D 和 E，操作 C 必须在 A 和 B 完成后执行，操作 E 必须在 C 和 D 完成后执行，请使用信号量的 wait()、signal() 操作（P、V 操作）描述上述操作之间的同步关系，并说明所用信号量及其初值。,10,,"本题要求实现操作的先后顺序，没有互斥关系，是一个简单的同步问题。
本题虽然有 5 个操作，但是只有 4 个同步关系，因此分别设置信号量 SAC、SBC、SCE 和 SDE 对应 4 个同步关系。semaphoreSAC=0;// 实现 A 是 C 的前驱关系semaphoreSBC=0;// 实现 B 是 C 的前驱关系semaphoreSCE=0;// 实现 C 是 E 的前驱关系semaphoreSDE=0;// 实现 D 是 E 的前驱关系A(){操作A;V(SAC);}B(){操作B;V(SBC);}C(){P(SAC);P(SBC);操作C;V(SCE);}D(){操作D;V(SDE);}E(){P(SCE);P(SDE);操作E;}",
2020,操作系统,46,"某 32 位系统采用基于二级页表的请求分页存储管理方式，按字节编址，页目录项和页表项长度均为 4 字节，虚拟地址结构如下所示。
某 C 程序中数组 a[1024][1024]的起始虚拟地址为 1080 0000H，数组元素占 4 字节，该程序运行时，其进程的页目录起始物理地址为 0020 1000H，请回答下列问题。
(1) 数组元素 a[1][2]的虚拟地址是什么？对应的页目录号和页号分别是什么？对应的页目录项的物理地址是什么？若该目录项中存放的页框号为 00301H，则 a[1][2]所在页对应的页表项的物理地址是什么？
(2) 数组 a 在虚拟地址空间中所占区域是否必须连续？在物理地址空间中所占区域是否必须连续？
(3) 已知数组 a 按行优先方式存放，若对数组 a 分别按行遍历和按列遍历，则哪一种遍历方式的局部性更好？",10,,"1） ①页面大小=212B = 4096B = 4KB。每个数组元素 4B，每个页面可以存放 4KB/4B=
1024 个数组元素，正好是数组的一行，数组 a 按行优先方式存放。10800000H 的虚
页号为 10800H，因此 a[0] 行存放在虚页号为 10800H 的页面中，a[1] 行存放在页号
为 10801H 的页面中。a[1][2] 的虚拟地址为 10801000H+4×2=10801008H。②转换为二进制 0001 0000 1000 0000 0001 0000 0000 1000，根据虚拟地址结构可知，对
应的页目录号为 042H，页号为 001H。③进程的页目录表起始地址为 00201000H，每个页目录项长 4B，因此 042H 号页目录
项的物理地址是 00201000H+4×42H=00201108H。④页目录项存放的页框号为 00301H，二级页表的起始地址为 00301000H，因此 a[1][2]
所在页的页号为 001H，每个页表项 4B，因此对应的页表项物理地址是 00301000H + 001H×4 = 00301004H。2）根据数组的随机存取特点，数组 a 在虚拟地址空间中所占的区域必须连续，由于数组 a
不止占用一页，相邻逻辑页在物理上不一定相邻，因此数组 a 在物理地址空间中所占的
区域可以不连续。3）由 1）可知每个页面正好可以存放一整行的数组元素，“按行优先方式存放”意味着数
组的同一行的所有元素都存放在同一个页面中，同一列的各个元素都存放在不同的页面
中，因此数组 a 按行遍历的局部性较好。",
2020,计算机网络,47,"某校园网有两个局域网，通过路由器 R1、R2 和 R3 互联后接入 Internet，S1 和 S2 为 以太网交换机，局域网采用静态 IP 地址配置，路由器部分接口以及各主机的 IP 地址如图所示：
假设 NAT 转换表结构为：
请回答下列问题：
1）为使 H2 和 H3 能够访问 Web 服务器（使用默认端口号），需要进行什么配置？
2）若 H2 主动访问 Web 服务器时，将 HTTP 请求报文封装到 IP 数据报 P 中发送，则 H2 发送 P 的源 IP 地址和目的 IP 地址分别是？经过 R3 转发后，P 的源 IP 地 址和目的 IP 地址分别是？经过 R2 转发后，P 的源 IP 地址和目的 IP 地址分别是？",10,,"1）两个子网使用了相同的网段，且路由器开启了 NAT 功能，加上题干给出了 NAT 表的结
构，因此需要配置 NAT 表。路由器 R2 开启 NAT 服务，当路由器 R2 从 WAN 口收到
H2 或 H3 发来的数据时，根据 NAT 表发送给 Web 服务器的对应端口。外网 P 地址应
该为路由器的外端 P 地址，内网 P 地址应该为 Web 服务器的地址，Web 服务器的默
认端口为 80，因此内网端口号固定为 80，当其他网络的主机访问 Web 服务器时，默认
访问的端口应该也是 80，但是访问的目的 P 是路由器的 P 地址，因此 NAT 表中的外
部端口最好也统一为 80。题目中并未要求对 H1 进行访问，因此 H1 的 NAT 表项可以
不写。R2 的 NAT 表配置如下：外网内网IP 地址端口号IP 地址端口号203.10.2.280192.168.1.2802）由于启用了 NAT 服务，H2 发送的 P 的源 P 地址应该是 H2 的内网地址，目的地址应
该是 R2 的外网 P 地址，源 P 地址是 192.168.1.2，目的 P 地址是 203.10.2.2。R3 转发
后，将 P 的源 P 地址改为 R3 的外网 P 地址，目的 P 地址仍然不变，源 P 地址是
203.10.2.6，目的 IP 地址是 203.10.2.2。R2 转发后，将 P 的目的 P 地址改为 Web 服务
器的内网地址，源地址仍然不变，源 P 地址是 203.10.2.6，.目的 P 地址是 192.168.1.2。",
2021,数据结构,41,"已知无向连通图 G 由顶点集 V 和边集 E 组成，|E| > 0，当 G 中度为奇数的顶点个数为不大于 2 的偶数时，G 存在包含所有边且长度为|E|的路径（称为 EL 路径）。设图 G 采用邻接矩阵存储，类型定义如下：
请设计算法 int IsExistEL(MGraph G)，判断 G 是否存在 EL 路径，若存在，则返回 1，否则返回 0。要求：
(1) 给出算法的基本设计思想。
(2) 根据设计思想，采用 C 或 C++ 语言描述算法，关键之处给出注释。
(3) 说明你所设计算法的时间复杂度和空间复杂度。",10,,"1）算法的基本设计思想本算法题属于送分题，题干已经告诉我们算法的思想。对于采用邻接矩阵存储的无向
图，在邻接矩阵的每一行（列）中，非零元素的个数为本行（列）对应顶点的度。可
以依次计算连通图 G 中各顶点的度，并记录度为奇数的顶点个数，若个数为 0 或 2，则
返回 1，否则返回 0。2）算法实现intisExistEL(MGraphG){// 统计度为奇数的定点个数intcount=0;for(intv=0;v<numVertices;v++){// 该顶点的度intdegree=0;for(inte=0;e<numEdges;e++){if(Edge[v][e]==1){degree++;}}if(degree%2==1){count++;}}if(count==0||count==2){return1;}return0;}3）时间和空间复杂度算法需要遍历整个矩阵，所以时间复杂度为O(n2)，空间复杂度为O(1)。",
2021,数据结构,42,"已知某排序算法如下：
请回答下列问题。
(1) 若有 int a[] = {25, -10, 25, 10, 11, 19}, b[6]; ，则调用 cmpCountSort(a, b, 6) 后数组 b 中的内容是什么？
(2) 若 a 中含有 n 个元素，则算法执行过程中，元素之间的比较次数是多少？
(3) 该算法是稳定的吗？若是，则阐述理由；否则，修改为稳定排序算法。",10,,"cmpCountSort 算法基于计数排序的思想，对序列进行排序。cmpCountSort 算法遍历数组
中的元素，count 数组记录比对应待排序数组元素下标大的元素个数，例如，count[1]=3
的意思是数组 a 中有 3 个元素比 a[1]大，即 a[1]是第 4 大元素，a[1]的正确位置应是 b[3]。1）排序结果为b[6]={-10,10,11,19,25,25}。2）由代码for(i=0;i<n-1;i++)和for(j=i+1;j<n;j++)可知，在循环过程中，每
个元素都与它后面的所有元素比较一次（即所有元素都两两比较一次），比较次数之和
为(n−1)+(n−2)+⋯+1，故总的比较次数是n(n−1)/2。3）不是。需要将程序中的 if 语句修改如下：if(a[i]<=a[j]) count[j]++;
else count[i]++;如果不加等号，两个相等的元素比较时，前面元素的 count 值会加 1，导致原序列中
靠前的元素在排序后的序列中处于靠后的位置。",
2021,计算机组成原理,43,"假定计算机 M 字长为 16 位，按字节编址，连接 CPU 和主存的系统总线中地址线为 20 位、数据线为 8 位，采用 16 位定长指令字，指令格式及其说明如下：
其中，op1~op3 为操作码，rs、rt 和 rd 为通用寄存器编号，R[r] 表示寄存器 r 的内容，imm 为立即数，target 为转移目标的形式地址。请回答下列问题。
(1) ALU 的宽度是多少位？可寻址主存空间大小为多少字节？指令寄存器、主存地址寄存器（MAR）和主存数据寄存器（MDR）分别应有多少位？
(2) R 型格式最多可定义多少种操作？I 型和 J 型格式总共最多可定义多少种操作？通用寄存器最多有多少个？
(3) 假定 op1 为 0010 和 0011 时，分别表示带符号整数减法和带符号整数乘法指令，则指令 01B2H 的功能是什么（参考上述指令功能说明的格式进行描述）？若 1、2、3 号通用寄存器当前内容分别为 B052H、0008H、0020H，则分别执行指令 01B2H 和 01B3H 后，3 号通用寄存器内容各是什么？各自结果是否溢出？
(4) 若采用 I 型格式的访存指令中 imm（偏移量）为带符号整数，则地址计算时应对 imm 进行零扩展还是符号扩展？
(5) 无条件转移指令可以采用上述哪种指令格式？",10,,1）ALU 的宽度为 16 位，ALU 的宽度即 ALU 运算对象的宽度，通常与字长相同。地址线为 20 位，按字节编址，可寻址主存空间大小为 2²⁰ 字节（或 1MB）。指令寄存器有 16 位，和单条指令长度相同。MAR 有 20 位，和地址线位数相同。MDR 有 8 位，和数据线宽度相同。2）R 型格式的操作码有 4 位，最多有 2⁴（或 16）种操作。I 型和 J 型格式的操作码有 6 位，因为它们的操作码部分重叠，所以共享这 6 位的操作码空间，且前 6 位全 0 的编码已被 R 型格式占用，因此 I 和 J 型格式最多有 2⁶-1=63 种操作。从 R 型和 I 型格式的寄存器编号部分可知，只用 2 位对寄存器编码，因此通用寄存器最多有 4 个。3）指令 01B2H=0000000110110010B 为一条 R 型指令，操作码 0010 表示带符号整数减法指令，其功能为 R[3]←R[1]-R[2]。执行指令 01B2H 后，R[3]=B052H-0008H=B04AH，结果未溢出。指令 01B3H=0000000110110011B，操作码 0011 表示带符号整数乘法指令，执行指令 01B3H 后，R[3]=R[1]×R[2]=B052H×0008H=8290H，结果溢出。4）在进行指令的跳转时，可能向前跳转，也可能向后跳转，偏移量是一个带符号整数，因此在地址计算时，应对 imm 进行符号扩展。5）无条件转移指令可以采用 J 型格式，将 tagt 部分写入 PC 的低 10 位，完成跳转。,
2021,计算机组成原理,44,"假设计算机 M 的主存地址为 24 位，按字节编址；采用分页存储管理方式，虚拟地址为 30 位，页大小为 4KB；TLB 采用 2 路组相联方式和 LRU 替换策略，共 8 组。请回答下列问题。
(1) 虚拟地址中哪几位表示虚页号？哪几位表示页内地址？
(2) 已知访问 TLB 时虚页号高位部分用作 TLB 标记，低位部分用作 TLB 组号，M 的虚拟地址中哪几位是 TLB 标记？哪几位是 TLB 组号？
(3) 假设 TLB 初始时为空，访问的虚页号依次为 10、12、16、7、26、4、12 和 20，在此过程中，哪一个虚页号对应的 TLB 表项被替换？说明理由。
(4) 若将 M 中的虚拟地址位数增加到 32 位，则 TLB 表项的位数增加几位？",10,,"注意：对于本题的 TLB，需要采用处理 Cache 的方式求解。1）按字节编址，页面大小为 4KB=212B，页内地址为 12 位。虚拟地址中高 30-12=18
位表示虚页号，虚拟地址中低 12 位表示页内地址。2）TLB采用 2 路组相联方式，共 8=2 组，用 3 位来标记组号。虚拟地址（或虚页号）中
高 18-3=15 位为 TLB 标记，虚拟地址中随后 3 位（或虚页号中低 3 位）为 TLB 组号。3）虚页号 4 对应的 TLB 表项被替换。因为虚页号与 TLB 组号的映射关系为 TLB 组号 = 虚
页号 mod TLB 组数 = 虚页号 mod 8，因此，虚页号 10,12,16,7,26,4,12,20 映射到的
TLB 组号依次为 2,4,0,7,2,4,4,4。TLB 采用 2 路组相联方式，从上述映射到的 TLB 组号
序列可以看出，只有映射到 4 号组的虚页号数量大于 2，相应虚页号依次是 12,4,12 和 20。
根据 LRU 替换策略，当访问第 20 页时，虚页号 4 对应的 TLB 表项被替换出来。4）虚拟地址位数增加到 32 位时，虚页号增加了 32-30=2 位，使得每个 TLB 表项中的标
记字段增加 2 位，因此，每个 TLB 表项的位数增加 2 位。",
2021,操作系统,45,"下表给出了整型信号量 S 的 wait() 和 signal() 操作的功能描述，以及采用开/关中断指令实现信号量操作互斥的两种方法。
请回答下列问题。
(1) 为什么在 wait() 和 signal() 操作中对信号量 S 的访问必须互斥执行？
(2) 分别说明方法 1 和方法 2 是否正确。若不正确，请说明理由。
(3) 用户程序能否使用开/关中断指令实现临界区互斥？为什么？",10,,"1）信号量S是能被多个进程共享的变量，多个进程都可通过 wait() 和 signal() 对S进行读、写操作。所以，wait() 和 signal() 操作中对 S 的访问必须是互斥的。2）方法 1 错误。在 wait() 中，当S≤0时，关中断后，其他进程无法修改 S 的值，while
语句陷入死循环。方法 2 正确。方法 2 在循环体中有一个开中断操作，这样就可以使
其他进程修改S的值，从而避免 while 语句陷入死循环。3）用户程序不能使用开/关中断指令实现临界区互斥。因为开中断和关中断指令都是特权
指令，不能在用户态下执行，只能在内核态下执行。",
2021,操作系统,46,"某计算机用硬盘作为启动盘，硬盘第一个扇区存放主引导记录，其中包含磁盘引导程序和分区表。磁盘引导程序用于选择要引导哪个分区的操作系统，分区表记录硬盘上各分区的位置等描述信息。硬盘被划分成若干个分区，每个分区的第一个扇区存放分区引导程序，用于引导该分区中的操作系统。系统采用多阶段引导方式，除了执行磁盘引导程序和分区引导程序外，还需要执行 ROM 中的引导程序。请回答下列问题。
(1) 系统启动过程中操作系统的初始化程序、分区引导程序、ROM 中的引导程序、磁盘引导程序的执行顺序是什么？
(2) 把硬盘制作为启动盘时，需要完成操作系统的安装、磁盘的物理格式化、逻辑格式化、对磁盘进行分区，执行这 4 个操作的正确顺序是什么？
(3) 磁盘扇区的划分和文件系统根目录的建立分别是在第 (2) 问的哪个操作中完成的？",10,,"1）参考系统引导流程，执行顺序依次是 ROM 中的引导程序、磁盘引导程序、分区引导程序、操作系统的初始化程序。启动系统时，首先运行 ROM 中的引导代码（bootstrap）。为执行某个分区的
操作系统的初始化程序，需要先执行磁盘引导程序以指示引导到哪个分区，然后执行
该分区的引导程序，用于引导该分区的操作系统。2）4 个操作的执行顺序依次是磁盘的物理格式化、对磁盘进行分区、逻辑格式化、操作系
统的安装。磁盘只有通过分区和逻辑格式化后才能安装系统和存储信息。物理格式化
（又称低级格式化，通常出厂时就已完成）的作用是为每个磁道划分扇区，安排扇区在
磁道中的排列顺序，并对已损坏的磁道和扇区做“坏”标记等。随后将磁盘的整体存
储空间划分为相互独立的多个分区（如 Windows 中划分 C 盘、D 盘等），这些分区可以
用作多种用途，如安装不同的操作系统和应用程序、存储文件等。然后进行逻辑格式
化（又称高级格式化），其作用是对扇区进行逻辑编号、建立逻辑盘的引导记录、文件
分配表、文件目录表和数据区等。最后才是操作系统的安装。3）由上述解析可知，磁盘扇区的划分是在磁盘的物理格式化操作中完成的，文件系统根目
录的建立是在逻辑格式化操作中完成的。",
2021,计算机网络,47,"某网络拓扑如题 47 图所示，以太网交换机 S 通过路由器 R 与 Internet 互联。路由器部分接口、本地域名服务器、H1、H2 的 IP 地址和 MAC 地址如图中所示。在 t0 时刻 H1 的 ARP 表和 S 的交换表均为空，H1 在此刻利用浏览器通过域名www.abc.com请求访问 Web 服务器，在 t1 时刻（t1→t0）S 第一次收到了封装 HTTP 请求报文的以太网帧，假设从 t0 到 t1 期间网络未发生任何与此次 Web 访问无关的网络通信。
请回答下列问题。
(1) 从 t0 到 t1 期间，H1 除了 HTTP 之外还运行了哪个应用层协议？从应用层到数据链路层，该应用层协议报文是通过哪些协议进行逐层封装的？
(2) 若 S 的交换表结构为 <MAC 地址，端口>，则 t1 时刻 S 交换表的内容是什么？
(3) 从 t0 到 t1 期间，H2 至少会接收到几个与此次 Web 访问相关的帧？接收到的是什么帧？帧的目的 MAC 地址是什么？",10,,"1）从t0​到t1​期间，除了 HTTP，H1 还运行了 DNS 应用层协议，以将域名转换为 IP 地址。
DNS 运行在 UDP 之上，UDP 将应用层交下来的 DNS 报文添加首部后，向下交付给 IP
层，IP 层使用 IP 数据报进行封装，封装好后，向下交付给数据链路层，数据链路层使
用 CSMA/CD 帧进行封装。因此，逐层封装关系如下：DNS 报文→ UDP 数据报→ IP 数
据报 → CSMA/CD 帧。2）t0​时刻，H1 的 ARP 表和 S 的交换表为空。H1 利用浏览器通过域名请求访问 Wb 服务器。
由于要先解析域名，所以会发送 DS 报文到本地域名服务器，查询该域名对应的 P 地址，
所以要先向本地域名服务器发送请求。ARP 表为空，所以需要先发送 ARP 请求分组，查
询本地域名服务器对应的 MAC 地址。这些帧的目的 MAC 地址均是 FF-FF-FF-FF-FF-FF。
S 接收到这个帧，在交换表中记录下 MAC 地址为 00-11-22-33-44-cc，位于端口 4，然后广
播该帧。当本地域名服务器接收到 ARP 请求后，向 H1 发送响应 ARP 分组。S 接收到这个
帧，在交换表中记录下 MAC 地址为 00-11-22-33-44-bb 位于端口 1，然后把该帧从端口 4
发送出去。得到了域名对应的 P 地址，发现不在本局域网中，需要通过路由表转发。H1 的 ARP 表中并没有路由器对应的 MAC 地址，因此需要先发送 ARP 请求分组，查
询路由器对应的 MAC 地址。这些帧的目的 MAC 地址均是 FF-FF-FF-FF-FF-FF。S 接
收到这个帧，广播该帧。当路由器收到 ARP 请求后，向 H1 发送响应 ARP 分组。S 接
收到这个帧，在交换表中记录下 MAC 地址为 00-11-22-33-44-aa，位于端口 2，然后把
该帧从端口 4 发送出去。现在，H1 能把数据发送给路由器了。在整个过程中，并没有
涉及 H2，H2 没有主动发送数据。所以 S 并不会记录下 H2 的 MAC 地址和端口，所以
S 在t1​时刻的交换表如下表所示。MAC 地址端口00-11-22-33-44-cc400-11-22-33-44-bb100-11-22-33-44-aa23）H2 至少会接收到 2 个和此次 Web 访问相关的帧。接收到的均是封
装ARP查询报文的以太网帧；这些帧的目的 MAC 地址均是 FF-FF-FF-FF-FF-FF。",
2022,数据结构,41,"已知非空二叉树 T 的结点值均为正整数，采用顺序存储方式保存，数据结构定义如下：
T 中不存在的结点在数组 SqBiTNode 中用 -1 表示。例如，对于下图所示的两棵非空二叉树 T1 和 T2：
T1 的存储结果如下：
T2 的存储结果如下：
请设计一个尽可能高效的算法，判定一棵采用这种方式存储的二叉树是否为二叉搜索树，若是，则返回 true，否则，返回 false，要求：
(1) 给出算法的基本设计思想。
(2) 根据设计思想，采用 C 或 C++ 语言描述算法，关键之处给出注释。",10,,"1）算法的基本设计思想对于采用顺序存储方式保存的二叉树，根结点保存在SqBiTNode[0]中：当某结点保存在SqBiTNode[i]中时，若有左孩子，则其值保存在SqBiTNode[2i+1]中；若有右孩子，则其值保存在SqBiTNode[2i+2]中；若有双亲结点，则其值保存在SqBiTNode[(i-1)/2]中。二叉搜索树需要满足的条件是：任一结点值大于其左子树中的全部结点值，小于其右子树中的全部结点值。中序遍历二叉搜索树得到一个升序序列。使用整型变量val记录中序遍历过程中已遍历结点的最大值，初值为一个负整数，对二叉树进行中序遍历。若当前遍历的结点值小于等于val，则算法返回 false，否则，将val的值更新为当前结点的值。2）算法实现// val 存储中序遍历中访问到的最大值// 返回值：当前子树是否为 BSTboolsolve(SqBiTree*tree,intk,int*val){if(k>=tree->ElemNum){// 空结点returntrue;}// 判断左子树是否为 BSTboolret=solve(tree,2*k+1,val);if(!ret){returnfalse;}intcur_val=tree->SqbiTNode[k];if(cur_val==-1){// 空结点returntrue;}// 判断中序序列是否递增if(cur_val>*val){*val=cur_val;}else{returnfalse;}// 判断右子树是否为 BSTret=solve(tree,2*k+2,val);if(!ret){returnfalse;}returntrue;}",
2022,数据结构,42,"现有 n（n > 100000）个数保存在一维数组 M 中，需要查找 M 中最小的 10 个数，请回答下列问题。
(1) 设计一个完成上述查找任务的算法，要求平均情况下的比较次数尽可能少，简单描述其算法思想，不需要程序实现。
(2) 说明你所设计的算法平均情况下的时间复杂度和空间复杂度。",10,,"【答案 1】定义含 10 个元素的数组 A，初始时元素值均为该数组类型能表示的最大数 MAX。for M 中的每个元素 s
    if (s < A[9]) 丢弃 A[9]并将 s 按升序插入到 A 中；当数据全部扫描完毕，数组 A[0]~A[9]保存的即是最小的 10 个数。【答案 2】定义含 10 个元素的大根堆 H，元素值均为该堆元素类型能表示的最大数 MAX。for M 中的每个元素 s
    if （s < H 的堆顶元素）删除堆顶元素并将 s 插入到 H 中；
当数据全部扫描完毕，堆 H 中保存的即是最小的 10 个数。",
2022,计算机组成原理,43,"某 CPU 中部分数据通路如图所示，其中，GPRs 为通用寄存器组；FR 为标志寄存器，用于存放 ALU 产生的标志信息；带箭头虚线表示控制信号，如控制信号 ReaD. Write 分别表示主存读、主存写，MDRin 表示内部总线上数据写入 MDR，MDRout 表示 MDR 的内容送内部总线。
(1) ALU 的输入端 A. B 及输出端 F 的最高位分别为 A15 、 B15 及 F15 ，FR 中的符号标志和溢出标志分别为 SF 和 OF，则 SF 的逻辑表达式是什么？A 加 B. A 减 B 时 OF 的逻辑表达式分别是什么？要求逻辑表达式的输入变量为 A15、B15 及 F15 。
(2) 为什么要设置暂存器 Y 和 Z？
(3) 若 GPRs 的输入端 rs、rd 分别为所读、写的通用寄存器的编号，则 GPRs 中最多有多少个通用寄存器？rs 和 rd 来自图中的哪个寄存器？已知 GPRs 内部有一个地址译码器和一个多路选择器，rd 应该连接地址译码器还是多路选择器？
(4) 取指令阶段（不考虑 PC 增量操作）的控制信号序列是什么？若从发出主存读命令到主存读出数据并传送到 MDR 共需 5 个时钟周期，则取指令阶段至少需要几个时钟周期？
(5) 图中控制信号由什么部件产生？图中哪些寄存器的输出信号会连到该部件的输入端？",10,,"1）符号标志 SF 表示运算结果的正负性，因此SF=F15​对于加法运算A+B→F，若A、B为负，且F为正，则说明发生溢出：或者，若A、B为正，
且F为负，也说明发生溢出。因此，加运算时，溢出标志OF=A15​​⋅B15​​⋅F15​+A15​⋅B15​⋅F15​​。对于减法运算A−B→F，若A为负、B为正，且F为正，则说明发生溢出：或者，若A为正、B为负，且F为负，也说明发生溢出。因此，减运算时，溢出标志OF=A15​​⋅B15​⋅F15​+A15​⋅B15​​⋅F15​​。2）因为在单总线结构中，每一时刻总线上只有一个数据有效，而 ALU 有两个输入端和一个
输出端。因此，当 ALU 运算时，需要先用暂存器 Y 缓存其中一个输入端的数据，再通过
总线传送另一个输入端的数据。与此同时，ALU 的输出端产生运算结果，但由于总线正
被占用，因此需要暂存器 Z，以缓存 ALU 的输出端数据。3）由图可知，rs 和 rd 都是 4bit，因此 GPRs 中最多有24=16个通用寄存器；rs 和 rd 来自指令寄
存器 IR；rd 表示寄存器编号，应连接地址译码器。4）取指阶段需要根据程序计数器 PC 取出主存中的指令，并将指令写入指令寄存器 R 中。控制
信号序列如下：①PCout,MARin // 将指令的地址写入 MAR②Read // 读主存，并将读出的数据写入 MDR③MDRout,Rin // 将 MDR 的内容写入指令寄存器 R步骤①需要 1 个时钟周期，步骤②需要 5 个时钟周期，步骤③需要 1 个时钟周期，因此取指
令阶段至少需要 7 个时钟周期。5）图中控制信号由控制部件（CU）产生。指令寄存器 IR 和标志寄存器 FR 的输出信号会连
到控制部件的输入端。",
2022,计算机组成原理,44,"假设某磁盘驱动器中有 4 个双面盘片，每个盘面有 20000 个磁道，每个磁道有 500 个扇区，每个扇区可记录 512 字节的数据，盘片转速为 7200rpm（转/分），平均寻道时间为 5ms，请回答下列问题。
(1) 每个扇区包含数据及地址信息，地址信息分为 3 个字段，这 3 个字段的名称格式什么？对于该磁盘，各字段至少占多少位？
(2) 一个扇区的平均访问时间约为多少？
(3) 若采用周期挪用 DMA 方式进行磁盘与主机之间的数据传送，磁盘控制器中的数据缓冲区大小为 64 位，则在一个扇区读写过程中，DMA 控制器向 CPU 发送了多少次总线请求？若 CPU 检测到 DMA 控制器的总线请求信号时也需要访问主存，则 DMA 控制器是否可以获得总线使用权？为什么？",10,,1）参考CHS 地址，三个字段的名称为柱面号（或磁道号）、磁头号（或盘面号）、扇区号。由于每个盘面有 20000 个磁道，因此该磁盘共有 20000 个柱面，柱面号字段至少占⌈log2​20000⌉=15位。由于该磁盘共有 4 个盘片，每个盘片有 2 个盘面，因此磁头号字段至少占log2​(4×2)=3位。由于每个磁道有 500 个扇区，因此扇区号字段至少占⌈log2​500⌉=9位。2）一个扇区的访问时间由寻道时间、延迟时间、传输时间三部分组成。平均寻道时间为 5 ms，平均延迟时间等于磁盘转半圈所需要的时间，平均传输时间等于一个扇区划过磁头下方所需要的时间。该磁盘转一圈的时间为60×103/7200≈8.33ms，因此一个扇区的平均访问时间约为5+8.33/2+8.33/500≈9.18ms3）磁盘控制器中的数据缓冲区每充满一次，DMA 控制器就需要发出一次总线请求，将这 64 bit 数据通过总线传送到主存。因此，在一个扇区读写过程中，DMA 控制器向 CPU 发送了512B/64bit=64次总线请求。由于采用周期挪用DMA 方式，当 CPU 和 DMA 控制器都需要访问主存时，DMA 控制器可以优先获得总线使用权。这是因为一旦磁盘开始读写，就必须按时完成数据传送，否则数据缓冲区中的数据会发生丢失。,
2022,操作系统,45,"某文件系统的磁盘块大小为 4KB，目录项由文件名和索引节点号构成，每个索引节点占 256 字节，其中包含直接地址项 10 个，一级、二级和三级间接地址项各 1 个，每个地址项占 4 字节。该文件系统中子目录 stu 的结构如题 45(a) 图所示，stu 包含子目录 course 和文件 doc，course 子目录包含文件 course1 和 course2。各文件的文件名、索引节点号、占用磁盘块的块号如题 45(b) 图所示。
请回答下列问题。
(1) 目录文件 stu 中每个目录项的内容是什么？
(2) 文件 doc 占用的磁盘块的块号 x 的值是多少？
(3) 若目录文件 course 的内容已在内存，则打开文件 course1 并将其读入内存，需要读几个磁盘块？说明理由。
(4) 若文件 course2 的大小增长到 6MB，为了存取 course2 需要使用该文件索引节点的哪几级间接地址项？说明理由。",10,,"1）在该文件系统中，目录项由文件名和索引结点号构成。由图 a 可知，stu 目录下有两个文
件，分别是 course 和 doc。由图 b 可知，这两个文件分别对应索引结点号 2 和 10。因此，
目录文件 stu 中两个目录项的内容是2）由图 b 可知，文件 doc 和文件 course1 对应的索引结点号都是 10。说明 doc 和 course1 两
个目录项共享同一个索引结点，本质上对应同一个文件。而文件 course1 存储在 30 号磁盘
块，因此文件 doc 占用的磁盘块的块号 x 为 30。3）需要读 2 个磁盘块。先读 course1 的索引结点所在的磁盘块，再读 course1 的内容所在的
磁盘块。目录文件 course 的内容已在内存中，即 coursel、course2 对应的目录项己在内存
中，根据 coursel 对应的目录项可以知道其索引结点号，即可读入 course1 的索引结点所
在的磁盘块：根据 course1 的索引结点可知该文件存储在 30 号磁盘块，因此可再读入
coursel 的内容所在的磁盘块。4）存取 course2 需要使用索引结点的一级和二级间接地址项。6MB 大小的文件需要占用
6MB/4KB=1536 个磁盘块。直接地址项可以记录 10 个磁盘块号，一级间接地址块可以记
录 4KB/4B=1024 个磁盘块号，二级间接地址块可以记录 1024×1024 个磁盘块号，而10+1024<1536<10+1024+1024×1024。因此，6MB 大小的文件，需要使用一级间接地址
项和二级间接地址项（拓展：若文件的总大小超出10+1024+1024×1024块，则还需使
用三级间接地址项）。",
2022,操作系统,46,某进程的两个线程 T1 和 T2 并发执行 A. B. C. D. E 和 F 共 6 个操作，其中 T1 执行 A. E 和 F，T2 执行 B. C 和 D。题 46 图表示上述 6 个操作的执行顺序所必须满足的约束：C 在 A 和 B 完成后执行，D 和 E 在 C 完成后执行，F 在 E 完成后执行。请使用信号量的 wait()、signal() 操作描述 T1 和 T2 之间的同步关系，并说明所用信号量的作用及其初值。,10,,"进程 T1 要依次执行 A、E、F。进程 T2 要执行 B、C、D。由图可知，T2 执行 C 必须在 T1
执行完 A 之后；T1 执行 E 必须在 T2 执行完 C 之后。因此，有两对同步关系。信号量的定义
和同步关系的描述如下：semaphoreAC=0;semaphoreCE=0;T1(){A;signal(AC);wait(CE);E;F;}T2(){B;wait(AC);C;signal(CE);D;}",
2022,计算机网络,47,"某网络拓扑如题 47 图所示，R 为路由器，S 为以太网交换机，AP 是 802.11 接入点，路由器的 E0 接口和 DHCP 服务器的 IP 地址配置如图中所示；H1 与 H2 属于同一个广播域，但不属于同一个冲突域；H2 和 H3 属于同一个冲突域；H4 和 H5 已经接入网络，并通过 DHCP 动态获取了 IP 地址。现有路由器、100BaseT 以太网交换机和 100BaseT 集线器 (Hub) 三类设备各若干台。
请回答下列问题。",10,,"1）设备 1 选择 100 BaseT 以太网交换机，设备 2 选择 100 BaseT 集线器。因为物理层设备既不
能隔离冲突域也不能隔离广播域，链路层设备可以隔离冲突域但不能隔离广播域。2）假设 H2 与 H3 之间的最远距离是 D，根据 CSMA/CD 协议的限制条件：最短帧长 = 总线传播时延 × 数据传输速率 × 2本题中由于使用 100 BaseT 局域网标准，所以数据传输速率为 100Mbps，总线传播时延由
两部分组成，一部分是信号传播时延，另一部分是信号通过设备 2 时产生的额外 1.51μs
时间延迟。代入公式为 64 B = (1.51 us + D / (2 × 10⁸ m/s)) × 100 Mbps × 2，注意单位换算，最终解得 D = 210m。3）M 是 DHCP 发现报文（Discover报文）。路由器 E0 接口能收到封装 M 的以太网帧，由于 H4 发送的 DHCP 发现报文是广播的形式，所以同一个广播域内的所有设备和接口都可
以收到该以太网帧。由于是广播帧，所以目的 MAC 地址是全 1，S 向 DHCP 服务器转发
的封装 M 的以太网帧的目的 MAC 地址是 FF-FF-FF-FF-FF-FF。4）在 H5 收到的帧中，地址 1、地址 2 和地址 3 分别是 00-11-11-11-11-E1、00-11-11-11-11-C1
和 0011-11-11-11-D1。该帧来自 AP，地址 1 代表接收端的地址，地址 2 代表 AP 的地址，
地址 3 是发送端的地址。",
2023,数据结构,41,"已知有向图 G 采用邻接矩阵存储，类型定义如下：
将图中出度大于入度的顶点称为 K 顶点。例如在题 41 图中，顶点 a 和 b 都是 K 顶点。
设计算法int printVertices(MGraph G)对给定任意非空有向图 G，输出 G 中所有 K 顶点的算法，并返回 K 顶点的个数。
(1) 给出算法的设计思想。
(2) 根据算法思想，写出 C/C++ 描述，并注释。",10,,"1）采用邻接矩阵表示有向图时，一行中 1 的个数为该行对应顶点的出度，一列中 1 的个数为该列对应顶点的入度。使用一个初值为 0 的计数器记录 K 顶点的个数。对图 G 的每个顶点，根据邻接矩阵计算其出度 outdegree 和入度 indegree。若 outdegree - indegree > 0，则输出该顶点且计数器加 1。最后返回计数器的值。2）算法实现intprintVertices(MGraphG){// K 顶点的个数intcount=0;for(intv=0;v<numVertices;v++){// v 顶点的入度和出度intindegree=0;intoutdegree=0;// 统计出度for(inti=0;i<numVertices;i++){outdegree+=G.Edge[v][i];}// 统计入度for(inti=0;i<numVertices;i++){indegree+=G.Edge[i][v];}if(outdegree>indegree){printf(""%s "",G.VerticesList[v]);count++;}}returncount;}",
2023,数据结构,42,"对含有 n（n > 0）个记录的文件进行外部排序，采用置换 - 选择排序生成初始归并段时需要使用一个工作，工作区中能保存 m 个记录，请回答下列问题，
(1) 如果文件中由 19 个记录，其关键字是 51, 94, 37, 92, 14, 63, 15, 99, 48, 56, 23, 60, 31, 17, 43, 8, 90, 166, 100；当 m=4 时，可以生成几个初始归并段，各是什么？
(2) 对任意的 m 个（n > m > 0），生成的第一个初始归并段的长度最大值和最小值分别是多少？",10,,1）参考置换选择排序，该题的关键字序列可生成 3 个初始归并段，分别是：37，51，63，92，94，9914，15，23，31，48，56，60，90，1668，17，43，1002）最大值为 n，最小值为 m。,
2023,计算机组成原理,43,"已知计算机 M 字长为 32 位，按字节编址，采用请求调页策略的虚拟存储管理方式，虚拟地址为 32 位，页面大小为 4KB；数据 Cache 采用 4 路组相联映射，数据区大小为 8KB，主存块大小为 32B。现有 C 语言程序段如下：
已知二维数组 a 按行优先存放，在虚拟地址空间中分配的起始地址为 0042 2000H，sizeof(int)=4，假定在 M 上执行上述程序段之前数组 a 不在主存，且在该程序段执行过程中不会发生页面置换。请回答下列问题。
(1) 数组 a 分为几个页面存储？对于数组 a 的访问，会发生几次缺页异常？页故障地址各是什么？
(2) 不考虑变量 i 和 j，该程序段的数据访问是否具有时间局部性？为什么？
(3) 计算机 M 的虚拟地址（A31~A0）中哪几位用作块内地址？哪几位用作 Cache 组号？a[1][0] 的虚拟地址是多少？其所在主存块对应的 Cache 组号是多少？
(4) 数组 a 占用多少主存块？假设上述程序段执行过程中数组 a 的访问不会和其他数据发生 Cache 访问冲突，则数组 a 的 Cache 命中率是多少？若将循环中 i 和 j 的次序按如下方式调换：
则数组 a 的 Cache 命中率又是多少？",10,,"1）数组 a 分布在 2 个页面中。缺页异常次数为 2。两个页故障地址分别是 0042 2000H、0042
3000H。2）该程序段的数据访问没有时间局部性。因为每个数组元素仅访问 1 次。3）虚拟地址中低 5 位 (A4A0) 用作块内地址；低 11 位虚拟地址中高 6 位 (A10A5) 用作 Cache
组号。a[1][0]的虚拟地址为 0042 2000H+1×64×4+0×4=0042 2100H。
a[1][0]所在主存块对应的 Cache 组号为 001000B=8。4）数组 a 占 24×64×4B/32B=192 个主存块。每个主存块存放 32B/4B=8 个数组元素，访问数
组 a 的 Cache 命中率为 (8-1)/8=87.5%。8 行数组元素占 8×64×4B/32B=64 个主存块，分别映射
到 64 个 Cache 组的某 Cache 行，数组 a 共有 24 行，因此每个 Cache 组中只有 24/8=3 个 Cache
行存放数组 a 中的数据，而每个 Cache 组有 4 行，因而不会发生替换，访问数组 a 的 Cache 命
中率为 7/8=87.5%。",
2023,计算机组成原理,44,"上题中 C 程序段在计算机 M 上的部分机器级代码如下，每个机器级代码行中依次包含指令序号、虚拟地址、机器指令和汇编指令。
请回答下列问题。
(1) 第 20 条指令的虚拟地址是多少？
(2) 已知第 2 条 jmp 和第 7 条 jge 都是跳转指令，其操作码分别是 EBH 和 7DH，跳转地址分别为 0040 1084H、0040 10BCH，这两条指令都采用什么寻址方式？给出第 2 条指令 jmp 的跳转目标地址计算过程。
(3) 已知第 19 条 mov 指令的功能是“a[i][j]←10”，其中 ecx 和 edx 为寄存器名，0042 2000H 是数组 a 的首地址，指令中源操作数采用什么寻址方式？已知 edx 中存放的是变量 j，ecx 中存放的是什么？根据该指令的机器码判断计算机 M 采用的是大端还是小端方式。
(4) 第一次执行第 19 条指令时，取指令过程中是否会发生缺页异常？为什么？",10,,"1）第 20 条指令的虚拟地址为 0040 10B9H。2）第 2 条 jmp 和第 7 条 jge 指令都采用相对寻址方式。
第 2 条指令 jmp 的跳转目标地址 = 0040 1079H+2+09H = 0040 1084H。3）第 19 条指令中源操作数采用立即（数）寻址方式。
根据汇编指令中给出的计算公式 ecx+edx*4+00422000h 可知，ecx 中存放的是 i×256。M 采
用小端方式。4）第一次执行第 19 条指令时，取指令过程中不会发生缺页异常。因为第 19 条指令所在的
程序段都在页号为 00401H 的同一个页面中，执行第 19 条指令时，该页已在主存，因而取指
令过程中不会发生缺页异常。",
2023,操作系统,45,"现要求学生使用 swap 指令和布尔型变量 lock 实现临界区互斥。lock 为线程间共享的变量。lock 的值为 TRUE 时线程不能进入临界区，为 FALSE 时线程能够进入临界区。某同学编写的实现临界区互斥的伪代码如题 45(a) 图所示。
(1) 题 45(a) 图中伪代码中哪些语句存在错误？将其改为正确的语句（不增加语句条数）。
(2) 题 45(b) 图中给出了两个变量值的函数 newSwap() 的代码是否可以用函数调用语句“newSwap(&key, &lock)”代替指令“swap key, lock”以实现临界区的互斥？为什么？",10,,"1）进入区中的语句if (key == TRUE) swap key，lock存在错误，修改为while (key ==TRUE) swap key, lock。
退出区中的语句lock=TRUE存在错误，修改为lock=FALSE。2）否。因为多个线程可以并发执行newSwap()，newSwap()执行时传递给形参b的是共享变
量lock的地址，在newSwap()中对lock既有读操作又有写操作，并发执行时不能保证实现两
个变量值的原子交换，从而会导致并发执行的线程同时进入临界区。",
2023,操作系统,46,"进程 P 通过执行系统调用从键盘接收一个字符的输入，已知此过程中与进程 P 相关的操作包括：①将进程 P 插入就绪队列；②将进程 P 插入阻塞队列；③将字符从键盘控制器读入系统缓冲区；④启动键盘中断处理程序；⑤进程 P 从系统调用返回；⑥用户在键盘上输入字符。以上编号①~⑥仅用于标记操作，与操作的先后顺序无关。请回答下列问题。
(1) 按照正确的操作顺序，操作①的前一个和后一个操作分别是上述操作中的哪一个？操作⑥的后一个操作上述操作中的哪一个？
(2) 在上述哪个操作之后 CPU 一定从进程 P 切换到其他进程？在上述哪个操作之后 CPU 调度程序才能选择进程 P 执行？
(3) 完成上述哪个操作的代码属于键盘驱动程序？
(4) 键盘中断处理程序执行时，进程 P 处于什么状态？CPU 处于内核态还是用户态？",10,,1）在操作①的前操作是③，后一个操作是⑤。操作⑥的后一个操作是④。2）在操作②之后 CPU 一定从进程 P 切换到其他进程。在操作①之后 CPU 调度程序才能选中进程 P 执行。3）完成操作③的代码属于键盘驱动程序。4）进程 P 处于阻塞状态。CPU 处于内核态。,
2023,计算机网络,47,"如图，主机 H 登录到 FTP 服务器后，向服务器上传一个大小为 18000B 的文件 F，假设 H 传输 F 建立数据链接时，选择的初始序号为 100，MSS=1000B，拥塞控制的初始阈值是 4MSS，RTT=10ms，忽略 TCP 的传输时延，在 F 的传送过程中，H 以 MSS 段向服务器发送数据，且始终没有错误，丢包和乱序。
(1) FTP 的控制连接是持久的还是非持久的？FTP 的数据连接是持久的还是非持久的？H 登录服务器时，建立的 FTP 连接是数据连接还是控制连接。
(2) H 通过数据连接发送 F 时，F 的第一个字节序号是多少？在断开数据连接的过程中，FTP 发送的第二次挥手的 ACK 序号是？
(3) F 发送过程中，当 H 收到确认序号为 2101 的确认时，H 的拥塞调整为多少？收到确认序号为 7101 的确认段时，H 的拥窗口调整为多少
(4) H 从请求建立数据连接开始，到确认 F 已被服务全部接收为止，至少要多长时间？期间应用层数平均发送速率是多少？",10,,1）FTP 的控制连接是持久的；数据连接是非持久的；H 登录 FTP 服务器时，建立的 TCP 连接是控制连接。2）F 的第 1 个字节的序号是 101；第二次挥手 ACK 段的确认序号是 18102。3）当 H 收到确认序号为 2101 的确认段时，H 的拥塞窗口调整为 3MSS；收到确认序号为 7101 的确认段时，H 的拥塞窗口调整为 5MSS。4）H 从请求建立数据连接开始，到确认 F 已被服务器全部接收为止，至少需要 6RTT=6*10ms=60ms；期间应用层数据平均发送速率是 18000B/60ms=300*10³B/s=0.3MB/s=2.4Mb/s。,
2024,数据结构,41,"2023 年 10 月 26 日，神州十七号载人飞船发射取得圆满成功，再次彰显了中国航天事业的辉煌成就。载人航天工程是包含众多子工程的复杂系统工程，为了保证工程的有序开展，需要明确各子工程的前导工程。以协调各子工程的实施。该问题可以简化、抽象为有向图的拓扑序列问题。已如有向图 G 采用邻接矩阵存储，类型定义如下：
请设计算法：int uniquely(MGraph G)。判定 G 是否存在唯一的拓扑序列，若是则返回 1，否则返回 0。要求：
(1) 给出算法的基本设计思想（4 分）
(2) 根据设计思想，采用 C 或 C++ 语言描述算法，关键之处给出注释（9 分）",10,,"1）算法基本设计思想输出拓扑序列的过程如下：依次从图中选取入度为 0 的点进行输出。确保拓扑序列唯一需要保证如下条件：在输出拓扑序列时，每一次有且仅有一个入度为 0 的顶点。所以这题最直观的思路就是进行 numEdges 轮遍历，如果每轮遍历只有一个顶点的入度为 0，则图中存在唯一的拓扑序列；
否则不存在唯一的拓扑序列。2）算法实现intuniquely(MGraphg){intn=g.numVertices;intinDegrees[MAXV];/* 计算所有顶点的入度 */for(intv=0;v<n;v++){inDegrees[v]=0;for(inti=0;i<n;i++){if(g.Edge[i][v]!=0)inDegrees[v]+=g.Edge[i][v];}}/* 进行 n 轮拓扑删除 */for(intk=0;k<n;k++){intcount0=0;// 入度为 0 的顶点个数intv0=-1;// 本轮唯一可以选择的顶点/* 找所有入度为 0 的顶点 */for(inti=0;i<n;i++){if(inDegrees[i]==0){count0++;v0=i;}}/* 若不是唯一一个，则拓扑序列不唯一 */if(count0!=1){return0;}/* “删除”该顶点：将其入度设为 -1，避免重复选取 */inDegrees[v0]=-1;/* 更新其所有后继节点的入度 */for(intj=0;j<n;j++){if(g.Edge[v0][j]!=0)inDegrees[j]--;}}/* 所有步骤都唯一，拓扑序唯一 */return1;}",
2024,数据结构,42,"将关键字20,3,11,18,9,14,7依次存储到长度为11的散列表HT中，散列函数为H(key)=(key×3)%11，H0为初始散列地址，H1​、H2​、H3​、⋯、Hk​分别为第1次冲突、第2次冲突、第3次冲突、⋯、第k次冲突时探测的地址。Hk​=(H0​+k2)%11。请回答下列问题：
(1) 画出所构造的HT。并计算HT的域装因子（6 分）
(2) 给出在HT中查找关键字 14 的关键字比较序列（2 分）
(3) 在HT中查找关键字 8，确认查找失败时的散列地址是多少？（2 分）",10,,"1）散列表 HT 如下：散列地址0123456789101112关键字11147209318冲突次数1321211装填因子等于散列表中已经被填充的位置的数量除以散列表的总长度，因此本题的填装因子是 7/11。2）查找关键字 14 的比较序列：首先，我们计算 14 的散列地址：H(14)=(14×3)%11=42%11=9。我们查看散列表中索引为 9 的位置，发现哪里存储的是关键字 3，此时产生哈希冲突。由于我们使用的是二次探查，所以计算下一个散列地址：H1​=(H0​+11)%11=(9+1)%11=10。
发现那哪里存储的是关键字 18，再次遇到哈希冲突。继续计算下一个散列地址：H2​=(H0​+22)%11=(9+4)%11=2，找到关键字 14，3）查找关键字 8 失败时的哈希地址计算 8 的散列地址：H(8)=(8×3)%11=24%11=2，索引为 2 的位置发现关键字 18，遇到冲突。使用二次探查，计算下一个散列地址：H1​=(H0​+11)%11=(2+1)%11=3。索引为 3 的位置
存储的是关键字 7，遇到冲突。我们继续使用一次探查，计算下一个散列地址：H2​=(H0​+22)%11=(2+4)%11=6，索引为 6 的位置存储的是关键字 9，遇到冲突。我们继续使用二次探查，计算下一个散列地址：H3​=(H0​+32)%11=(2+9)%11=0。索引为 0 的位置存储的是关键字 11，遇到冲突。我们继续使用二次探查，计算下一个散列地址：H4​=(H0​+42)%11=(2+16)%11=7，发现索引为 7 的位置是空的，确认查找失败，散列地址是 7。",
2024,计算机组成原理,43,"假定计算机 M 字长为 32 位。按字节编址，采用 32 位定长指令字，指令add slli和lw的格式、编码和功能说明如题 43(a) 图所示。
其中R[x]表示通用寄存器x的内容，M[x]表示地址为x的存储单元内容，shamt为移位位数，imm为补码表示的偏移量。题 43(b) 图给出了计算机 M 的部分数据通路及其控制信号（用箭头虚线表示），其中，A和B分别表示从通用寄存器rs1和rs2中读出的内容，IR[31:20]表示指令寄存器中的高12位。控制信号Ext为 0、1 时扩展器分别实现零扩展，符写扩展ALUctr为 000、001、010 时 ALU 分别实现加、减、逻辑左移运算。
请回答下列问题
(1) 计算机 M 最多有多少个通用寄存器？为什么shamt字段占 5 位？（2 分）
(2) 执行add指令时，控制信号ALUBsrc的取值应该是什么？若rs1和rs2寄存器内容分别是8765 4321H和9876 5432H，则add指令执行后，ALU输出端F、OF和CF的结果分别是什么？若设add指令处理的是无符号整数，则应根据哪个标志判断是否溢出（3 分）
(3) 执行slli指令时，控制信号Ext的取值可以是 0 也可以是 1，为什么？（2 分）
(4) 执行lw指令时，控制信号Ext、ALUctr的取值分别是什么？（2 分）
(5) 若一条指令的机器码是A040 A103H，则该指令一定是lw指令，为什么？(2 分）
(6) 若执行该指令时，R[01H]=FFFF A2D0H，则所读取数据的存储地址是多少？(2 分）",10,,"1）从 43 题 (a) 图可以看到，Y 寄存器 rs1 和 rs2 用 5 位表示，所以计算机 M 最多的是 2⁵=32 个寄存器。根据指令R[rd] ← [rs1] << shamt可知，shamt 表示左移。shamt：计算机的机器字长是 32 位，所以 shamt 表示左移的最大范围不能超过 32，所以只需要
5bit 就可以表示对应的范围：log2​32=5。2）ALUBsrc = 0，它的作用是支持 lw 指令和 imm 的偏移（R[rd] ← M[R[rs1]+imm]）F 的计算如下：8765 4321
+ 9876 5432
------------
 11FDB 9753由于计算机的机器字长是 32 位，所以最高位的 1 舍掉，F = 1FDB 9753H:OF是溢出位，我们计算的结果发现确实发生了溢出和进位，所以 OF=1。CF是进位位，计算时发现了最高位有进位，所以 CF=1。溢出的判断方法是，最高位进位（异或）次高位，计算过程发现最高位进位，次高位没有进位，所以 CF 是标志判断是否溢出。3）slli 代表左移指令，slli 指令的高 12 位（即 IR[31:20]）的最高位为 0，因此无论进行零扩展还是符号扩展，都是在高位补 0，效果等价，因此 Ext 可以是 0 也可以是 1。4）R[rd] ← M[R[rs1]+imm]这条指令的意思是，rs1 里的内容加上立即数，等于真正要访问的内存地址。计算偏移地址，偏移地址可正可负，应该使用补码表示。所以是符号扩展，Ext=1，然后表示加法，所以根据 (b) 图可知 ALUctr=000。5）A040 A103H = 1010 0000 0100 0000 1010 0001 0000 0011B，60 位 = 0000011，中间的 1412 位 = 010，
最高的 12 位为 A04H。其他两个指令 add 和 slli 的高 12 位都是 000H，所以该指令一定是 lw 指令。6）A040 A103H = 1010 0000 0100 0000 1010 0001 0000 0011B，60 位 = 000 0011，中间的 1412 位 = 010，
最高的 12 位为 A04。imm 是 31~25，也就是 A404 组（注意是符号扩展）扩展完 1111 1111 1111 1111 1111 1010 0000 0100，十六进制是 FFFF FA04。rs1 里的内容加上立即数，等于真正要访问的内存地址，R[O1H]=FFFF A2DOH，所以 FFFFFA04 + FFFFA2D0 = FFFF9CD4H。",
2024,计算机组成原理,44,"对于题 43 中的计算机 M，C 语言程序 P 包含的语句sum+=a[i];，在 M 中对应的指令序列 S 如下：
已知变量i，sum和数组a都为 int 型，通用寄存器r1 - r5的编号为01H-05H。请回答下列问题。
（1）根据指令序列s中每条指令的功能，写出存放数组a的首地址、变参i和sum的通用寄存器编号（3 分）
（2）已知 M 为小端方式，计算机采用页式存储管理方式。页大小为 4KB。若执行到指令序列 s 中第 1 条指令时，i=5且r1和r3的内容分别为0000 1332H和0013 DFF0H。从地址0013 DFF0H开始存储单元内容如题 44 图所示。则执行sum+=a[i];语句后。a[i]的地址、a[i]和sum的机器数分别是什么（用十六进制表示）？a[i]所在页的页号是多少？在此次执行中，数据组a至少存放在几页中？（5 分）
（3）指令slli r4, r2, 2的机器码是什么（用十六进制表示）？若数组a改为 short 类型，则指令序列存到 S 中slli指令的汇编形式应是什么？",10,,"【答案】1）a的首地址存放在r3；i存放在r2；sum存放在r1。2）a[i]的地址为0013 E004H；a[i]的机器数为FFFF ECDCH；sum的机器数为0000 000EH；a[i]所在页的页号是0013EH；数组a至少存放在 2 页中。3）指令机器码为0021 2213H。汇编形式是slli r4, r2, 1。【解析】1）add r4,r3,r4：这条指令将寄存器 r3 和 r4 的值相加，结果存储在寄存器 r4 中。这对应于计算数组元素的内存地址（即&a[i]）。因此，我们可以推断出寄存器 r3 存储的是数组 a 的首地址，即 a 的寄存器编号为 03H。slli r4,r2,2：这条指令将寄存器 r2 的值左移 2 位，2 结果存储在寄存器 r4 中。在 C 语言中，这对应于数组索引的计算（即i*4，因为每个 int 类型占 4 字节）。因此，我们可以推断出寄存器 r2 存储的是变量 i 的值，即的寄存器编号位 02H。add r1,rl,r5：这条指令将寄存器 r1 和 r5 的值相加，结果存储在寄存器 r1 中。这对应于累加操作（即 sum+=a[i])。因此，我们可以推断出寄存器 r1 存储的是变量 sum 的值，即 sum 的寄存器编号为 01H。所以，数组 a 的首地址、变量 i 和 sum 的通用寄存器编号分别为 03H、02H 和 01H。2）执行sum+=a[i]语句后，i 保持不变即 i = 5，每个数组元素占用四个字节i=0时，a[0]占据存储单元 FF FF FF 7Ci=1时，a[1]占据存储单元 70 FE FF FFi=2时，a[2]占据存储单元 00 00 00 00i=3时，a[3]占据存储单元 3C 02 01 FFi=4时，a[4]占据存储单元 FF FF FF 7Ci=5时，a[5]占据存储单元 F0 F1 00 00i=6时，a[6]占据存储单元 DC EC FF FF所以a[i]的地址 = 首地址 + 偏移量 =0013 E000 + 4 * (5-1)=0013 E004H。a[i]的机器数按照小端编址，所以 DC 作为最低位放在最右边，以此类推可得：a[i] 的机器数 =FFFF ECDCH。sum 的机器数 = 0000 1332H + FFFF ECDCH = (1) 0000 000EH。由于只有 32 位，所以最高位舍掉后答案为0000 000EH。页大小为 4KB =212B，所以页内地址占 12 位，去掉后 12 位剩余的则是 20 位页号，a[i] 所在页页号 =0013EH。我们有 20 位页号，根据题目可知数组跨页号了 0013E 和 0013D，所以数组 a至少存放在 2 页中。3）slli r4,r2,2//R[r4]←R[r2]<<2通用寄存器 r1→r5 的编号位 01H→05H。6~0：由表可得：001001111~7：rd = r2 = 0001014~12：由表可知为 01019~15：rd = r4 = 0010024~20：shamt = 2，可以为 2420：31~25：由表可知为 000 0000机器码 = 0000 0000 0010 0001 0010 0010 0001 0011B =0021 2213H。若 a 改为 short 类型，slli 指令的汇编形式应该是slli r4, r2, 1。",
2024,操作系统,45,"某计算机按字节编址，采用页式虚拟存储管理方式，虚拟地址和物理地址的长度均为 32 位，页表项的大小为 4 字节，页大小为 4MB，虚拟地址结构如下：
进程 Р 的页表起始虚拟地址为 B8C0 0000H，被装载到从物理地址 6540 0000H 开始的连续主存空间中。请回答下列问题：
（1）若 CPU 在执行进程 P 的过程中，访问虚拟地址 1234 5678H 时发生了缺页异常，经过缺页异常处理和 MMU 地址转换后得到的物理地址是 BAB4 5678H。在此次缺页异常的处理中，需要为新缺页分配页框并更新相应的页表项，则该页表项的虚拟地址和物理地址分别是什么？该页表项中的页框号更新后的值是什么？（3 分）
（2）进程 P 的页表所在页的页号是什么？该页对应的页表项的虚拟地址是什么？该页表项中的页框号是多少？（4 分）",10,,"1）首先，我们需要确定虚拟地址 12345678H 对应页号。由于页号占 10 位，
1234 5678H = 0001 0010 0011 0100 0101 0110 0111 1000B。计算得到：页内偏移量（22 位）= 11 0100 0101 0110 0111 1000B = 345678H页号（10 位）= 00 0100 1000B = 048H然后，我们需要找到这个页号对应的页表项的虚拟地址和物理地址。由于页表项的大小为字节，我们可以通过将页号乘以 4 得到页表项的偏移量。然后将这个偏移量加到页表的起始地址上，就可以得到页表项的虚拟地址和物理地址。进程 P 的页表起始虚拟地址为 B8C0 0000H，物理地址 654 0000H。计算得到：页表项虚拟地址 = 页表起始虚拟地址 + 页号×4 = B8C00000H + 048H×4 =B8C00120，页表项物理地址 = 页表起始物理地址 + 页号×4 = 65400000H + 048H×4 =65400120H。最后，我们需要更新页表项中的页框号。由于经过 U 地址转换后得到的物理地址是 BAB4 5678H，我们可以通过右移 22 位得到页框号。计算得到：页框号 = 物理地址 BAB45678H 的前 10 位，即 10 1110 1010B =2EAH。2）首先，我们需要确定进程即的页表所在页的页号。由于页表起始虚拟地址位 B8C00000H，我们可以通过右移 22 位得到页号。计算得到：进程 P 的页表所在页的页号等于 B8C0 0000 的前 10 位，即 10 1110 0011B =2E3H。
然后，我们需要找到这个页号对应的页表项的虚拟地址。由于页表项的大小为 4 字节，我们可以通过将页号
乘以 4 得到页表项的偏移量。然后将这个偏移量加到页表的起始地址上，就可以得到顷表项的虚拟地址。计算得到：该页对应的页表项的虚拟地址 = B8C0 0000H + 2E3H*4 =B8C0 0B8CH。最后，我们需要确定贡表项中的页框号。由于页表被装在到从物理地址 65400000 开始的连续主存空间中，我们可以通过右移 22 位得到页框号。计算得到：该页表项中的页框号等于物理地址 6540 0000H 的前 10 位，即 01 1001 0101B =195H。",
2024,操作系统,46,"计算机系统中的进程之间往往需要相互协作以完成一个任务，在某网络系统中缓冲区 B 用于存放一个数据分组，对 B 的操作有 C1、C2 和 C3。C1 将一个数据分组写入 B 中，C2 从 B 中读出一个数据分组，C3 对 B 中的数据分组进行修改。要求 B 为空时才能执行 C1，B 非空时才能执行 C2 和 C3。请回答下列问题。
（1）假设进程 P1 和 P2 均需执行 C1，实现 C1 的代码是否为临界区？为什么？(2 分）
（2）假设 B 初始为空，进程 P1 执行 C1 一次，进程 P2 执行 C2 一次。请定义尽可能少的信号量。并用 wait()，signal() 操作描述进程 P1、P2 之间的同步或互斥关系，说明所用信号量的作用及初值。（3 分）
（3）假设 B 初始不为空，进程 P1 和 P2 各执行 C3 一次，请定义尽可能少的信号量。并用 wait()、signal() 操作描述进程 P1 和 P2 之间的同步或互斥关系，说明所用信号量的作用及初值。（3 分）",10,,"1）是的，实现 C1 的代码可以被视为临界区。临界区是指在并发编程中，当多个进程同时访问和修改共享数据时，必须进行互斥访问的代码区域。在这个例子中，进程 P1 和 P2 都需要执行 C1，即它们都需要将一个数据分组写入缓冲区 B。如果这两个进程同时执行 C1，那么它们可能会试图同时写入数据分组，这可能会导致数据的不一致性。因此，我们需要确保在任何时刻，只有一个进程可以执行 C1。这就需要将执行 C1 的代码区域定义为临界区，并使用适当的同步机制（如互斥锁或信号量）来保证在同一时刻只有个进程可以进入临界区。所以，实现 C1 的代码是临界区，因为它涉及到对共享资源（在这里是缓冲区 B) 的修改，而这个修改需要被同步，以防止数据的不一致性。2）在这个问题中，我们可以使用两个信号量：一个用于保护缓使区 B（我们称之为 mutex），另一个用于同步进程 PI 和 P2（我们称之为 full）。mutex 用于确保在同一时刻只有一个进程可以访问缓冲区 B，而 full 用于表示缓冲区 B 是否已满。初始时，mutex 的值为 1，表示缓冲区 B 是可用的：fu1I 的值为 0，表示缓冲区 B 是空的。以下是进程 P1 和 P2 的代码：semaphoremutex=1;semaphorefull=0;// 进程 P1P1(){wait(mutex);// 请求访问缓冲区 B执行C1，将一个数据分组写入B中signal(mutex);// 释放缓冲区 B 的使用权signal(full);// 表示缓冲区 B 已满}// 进程 P2P2(){wait(full);// 等待缓冲区 B 变满wait(mutex);// 请求访问缓冲区 B执行C1，从B中读出一个数组分组signal(mutex);// 释放缓冲区 B 的使用权}在这个代码中，wait() 操作表示请求一个信号量，如果信号量的值大于 0，那么就将其减 1：如果信号量的值为 0，那么就阻塞，直到信号量的值大于 0。signal() 操作表示释放一个信号量，将其值加 1。3）在这个问题中，我们可以使用一个信号量：一个用于保护缓冲区 B（我们称之为 mutex）。mutex 用于确保在同一时刻只有一个进程可以访问缓冲区 B。初始时，mutex 的值为 1，表示缓冲区 B 是可用的。以下是进程 P1 和 P2 的代码：semaphoremutex=1;// 进程 P1P1(){wait(mutex);// 请求访问缓冲区 B执行C3,对B中的数据分组进行修改signal(mutex);// 释放对缓冲区 B 的访问}// 进程 P2P2(){wait(mutex);// 请求访问缓冲区 B执行C3,对B中的数据分组进行修signal(mutex);// 释放对缓冲区 B 的访问}在这个代码中，wait() 操作表示请求一个信号量，如果信号量的值大于 0，那么就将其减 1；如果信号量的值为 0，那么就阻塞，直到信号量的值大于 0。signal() 操作表示释放一个信号量，将其值加 1。所以，实现 C3 的代码是临界区，因为它涉及到共享资源（在这里是缓冲区 B）的修改，而这个修改需要被同步，以防止数据的不一致性。",
2024,计算机网络,47,"网络空间是继陆海空地之后的""第五疆域""，网络技术是网络疆域建设与治理的基础。路由算法与协议是网络核心技术之一。对其准确认知，合理选择与应用，对网络建设十分重要。假设现有互联网中的 4 个自治系统互连拓扑示意图如题 47 图所示。其中，AS1 运行内部网关协议 RIP；AS3 规模较小，自治系统内任意两个主机间通信，经过路由器数不超过 15 个；AS4 规模较大，自治系统内任意两个主机间通信，经过路由器数量可能超过 20 个。
请回答下列问题：
（1）若仅有 RIP 和 OSPF 内部网关协议供选择，则 AS4 应选择哪个协议？（1 分）
（2）若 AS3 中的某主机向本自治系统另一主机发送 1 个 IP 分组，为确保该 IP 分组能正常接收，则该 IP 分组的初始 TTL 值应至少设置为多少？（1 分）
（3）设 AS1 中的路由器同一时刻启动，启动后立即构建并交换初始距离向量，之后，每隔 30s 交换一次最新的距离向量。则从交换初始距离向量时刻算起，R11~R16 路由器均获到达网络 210.2.4.0/24 的正确路由，至少需多长时间？（2 分）
（4）R44 向 R13 通告到达网络 136.5.16.0/20 路由时，由 BGP 协议哪类会话完成？通过哪个 BGP 报文通告？R13 通过 BGP 协议的哪类会话将该网络可达性信息通告给 R14 和 R15?（3 分）
（5）若 R14 和 R15 均收到分别由 R11、R12、R13 通告的到达网络 136.5.16.0/20 的可达性信息为：
目的网络：136.5.16.0/20，AS 路径：AS2 AS8 AS19，下一跳：R11
目的网络：136.5.16.0/20，AS 路轻：AS3 AS7 AS11 AS19，下一跳：R12
目的网络：136,5.16.0/20，AS 路径：AS4 AS10 AS19，下一跳：R13
则在无策略约束情况下，R14 和 R15 更新路由表后，各自路由表中到达网络 136.5.16.0/20 路由的下一跳分别是什么（用路由器名称表示）?（2 分）",10,,"1）AS4 应选择 OSPF 协议。理由：RIP（Routing Information Protocol）采用 跳数（hop count）作为度量标准，最大跳数限制为 15，超过 15 跳的网络将被视为不可达。因此，AS4 内部通信可能超过 20 个路由器的情况下，RIP 不能正常工作。OSPF（Open Shortest Path First）采用 链路状态路由，支持大规模网络，并且没有严格的跳数限制，适合规模较大的自治系统（如 AS4）。因此，AS4 应选择 OSPF 作为内部网关协议。2）应该被设置为 16。AS3 内部任意两个主机之间通信，最多需要经过 15 个路由器。TTL（Time To Live）值在每经过一个路由器时减 1，若 TTL 变为 0，分组将被丢弃。因此，为了确保 IP 分组能够到达目标主机，初始 TTL 至少应设置为 16，这样即使经过 15 个路由器，TTL 仍剩 1，可以成功到达目标主机。3）AS1 运行的是 RIP（Routing Information Protocol），采用 距离向量路由算法，每 30 秒 交换一次最新的距离向量，并使用 逐跳扩散（Bellman-Ford 算法）更新路由表。假设网络 210.2.4.0/24 最初只被某个路由器（如 R1）知道，其他路由器需要逐步学习该路由信息。每次 RIP 更新，信息只能传播 1 跳，即相邻路由器在下一次交换后获得该路由。直到 R11~R16 均获得正确路由时，最好情况下至少需要经历 2 跳（从 R14 出发，经过 2 个周期传播至每个路由器）。每次传播耗时 30 秒，则 2 跳需要 2 × 30 = 60 秒。4）如果路由器属于不同的自治系统，它们之间运行 eBGP（External BGP）进行路由通告。
如果路由器属于同一个自治系统，它们之间运行 iBGP（Internal BGP）来传播外部学到的 BGP 路由信息。在 BGP 中，路由更新信息使用 UPDATE（更新）报文 进行通告，包含 网络前缀（136.5.16.0/20）及其路径属性（如 AS Path、下一跳等）。R44 → R13：通过 eBGP 会话，使用 UPDATE 报文通告路由信息。R13 → R14, R15：通过 iBGP 会话，使用 UPDATE 报文通告路由信息。5）在 BGP（边界网关协议）中，默认情况下，路由选择遵循以下决策过程（无策略约束时）：最短 AS 路径优先（首要准则）：BGP 会优先选择 AS 路径最短 的路由。若 AS 路径相同，则选取最小的下一跳路由 ID（RID）或基于其他 BGP 规则。分析 R14 和 R15 的可选路由：下一跳AS 路径路径长度R11AS2 AS8 AS193R12AS3 AS7 AS11 AS194R13AS4 AS10 193R11 和 R13 的 AS 路径长度均为 3，比 R12（路径长度 4）更短，因此 R12 的路由会被排除。R14 离 R11 更近，R15 离 R13 更近。
所以 R14 的下一跳为 R11，R15 的下一跳为 R13。",
